{ "its": [ { "gen": [ "x,y,z","-y,x-y,z","y,x,-z+1/2","-x,-y,-z" ],"gp": [ "x,y,z","-y,x-y,z","-x+y,-x,z","y,x,-z+1/2","x-y,-y,-z+1/2","-x,-x+y,-z+1/2","-x,-y,-z","y,-x+y,-z","x-y,x,-z","-y,-x,z+1/2","-x+y,y,z+1/2","x,x-y,z+1/2" ],"id": "P-3c1","itaFull": "165","set": 1,"sg": 165,"tm": "a,b,c","u": "P -3 c 1","wpos": { "pos": [ { "desc": "1","geom": "general","label": "g","mult": 12 },{ "coord": [ "x,0,1/4","0,x,1/4","-x,-x,1/4","-x,0,3/4","0,-x,3/4","x,x,3/4" ],"desc": ".2.","geom": "line","label": "f","mult": 6 },{ "coord": [ "1/2,0,0","0,1/2,0","1/2,1/2,0","0,1/2,1/2","1/2,0,1/2","1/2,1/2,1/2" ],"desc": "-1","geom": "point","label": "e","mult": 6 },{ "coord": [ "1/3,2/3,z","2/3,1/3,-z+1/2","2/3,1/3,-z","1/3,2/3,z+1/2" ],"desc": "3..","geom": "line","label": "d","mult": 4 },{ "coord": [ "0,0,z","0,0,-z+1/2","0,0,-z","0,0,z+1/2" ],"desc": "3..","geom": "line","label": "c","mult": 4 },{ "coord": [ "0,0,0","0,0,1/2" ],"desc": "-3..","geom": "point","label": "b","mult": 2 },{ "coord": [ "0,0,1/4","0,0,3/4" ],"desc": "32.","geom": "point","label": "a","mult": 2 } ] } } ],"n": 1,"sg": 165 }