{ "its": [ { "gen": [ "x,y,z","-x,-y,z","-y,x,z+1/2","-x,y,-z","-x,-y,-z" ],"gp": [ "x,y,z","-x,-y,z","-y,x,z+1/2","y,-x,z+1/2","-x,y,-z","x,-y,-z","y,x,-z+1/2","-y,-x,-z+1/2","-x,-y,-z","x,y,-z","y,-x,-z+1/2","-y,x,-z+1/2","x,-y,z","-x,y,z","-y,-x,z+1/2","y,x,z+1/2" ],"id": "P42/mmc","itaFull": "131","set": 1,"sg": 131,"tm": "a,b,c","u": "P 42/m m c","wpos": { "pos": [ { "desc": "1","geom": "general","label": "r","mult": 16 },{ "coord": [ "x,y,0","-x,-y,0","-y,x,1/2","y,-x,1/2","-x,y,0","x,-y,0","y,x,1/2","-y,-x,1/2" ],"desc": "m..","geom": "plane","label": "q","mult": 8 },{ "coord": [ "1/2,y,z","1/2,-y,z","-y,1/2,z+1/2","y,1/2,z+1/2","1/2,y,-z","1/2,-y,-z","y,1/2,-z+1/2","-y,1/2,-z+1/2" ],"desc": ".m.","geom": "plane","label": "p","mult": 8 },{ "coord": [ "0,y,z","0,-y,z","-y,0,z+1/2","y,0,z+1/2","0,y,-z","0,-y,-z","y,0,-z+1/2","-y,0,-z+1/2" ],"desc": ".m.","geom": "plane","label": "o","mult": 8 },{ "coord": [ "x,x,1/4","-x,-x,1/4","-x,x,3/4","x,-x,3/4","-x,-x,3/4","x,x,3/4","x,-x,1/4","-x,x,1/4" ],"desc": "..2","geom": "line","label": "n","mult": 8 },{ "coord": [ "x,1/2,0","-x,1/2,0","1/2,x,1/2","1/2,-x,1/2" ],"desc": "m2m .","geom": "line","label": "m","mult": 4 },{ "coord": [ "x,0,1/2","-x,0,1/2","0,x,0","0,-x,0" ],"desc": "m2m .","geom": "line","label": "l","mult": 4 },{ "coord": [ "x,1/2,1/2","-x,1/2,1/2","1/2,x,0","1/2,-x,0" ],"desc": "m2m .","geom": "line","label": "k","mult": 4 },{ "coord": [ "x,0,0","-x,0,0","0,x,1/2","0,-x,1/2" ],"desc": "m2m .","geom": "line","label": "j","mult": 4 },{ "coord": [ "0,1/2,z","1/2,0,z+1/2","0,1/2,-z","1/2,0,-z+1/2" ],"desc": "2mm .","geom": "line","label": "i","mult": 4 },{ "coord": [ "1/2,1/2,z","1/2,1/2,z+1/2","1/2,1/2,-z","1/2,1/2,-z+1/2" ],"desc": "2mm .","geom": "line","label": "h","mult": 4 },{ "coord": [ "0,0,z","0,0,z+1/2","0,0,-z","0,0,-z+1/2" ],"desc": "2mm .","geom": "line","label": "g","mult": 4 },{ "coord": [ "1/2,1/2,1/4","1/2,1/2,3/4" ],"desc": "-4m2","geom": "point","label": "f","mult": 2 },{ "coord": [ "0,0,1/4","0,0,3/4" ],"desc": "-4m2","geom": "point","label": "e","mult": 2 },{ "coord": [ "0,1/2,1/2","1/2,0,0" ],"desc": "mmm .","geom": "point","label": "d","mult": 2 },{ "coord": [ "0,1/2,0","1/2,0,1/2" ],"desc": "mmm .","geom": "point","label": "c","mult": 2 },{ "coord": [ "1/2,1/2,0","1/2,1/2,1/2" ],"desc": "mmm .","geom": "point","label": "b","mult": 2 },{ "coord": [ "0,0,0","0,0,1/2" ],"desc": "mmm .","geom": "point","label": "a","mult": 2 } ] } },{ "gen": [ "x,y,z","-x,-y,z","-y,x,z+1/2","-y,-x,-z","-x,-y,-z","x+1/2,y+1/2,z","-x+1/2,-y+1/2,z","-y+1/2,x+1/2,z+1/2","-y+1/2,-x+1/2,-z","-x+1/2,-y+1/2,-z" ],"gp": [ "x,y,z","-x,-y,z","-y,x,z+1/2","y,-x,z+1/2","-y,-x,-z","y,x,-z","-x,y,-z+1/2","x,-y,-z+1/2","-x,-y,-z","x,y,-z","y,-x,-z+1/2","-y,x,-z+1/2","y,x,z","-y,-x,z","x,-y,z+1/2","-x,y,z+1/2","x+1/2,y+1/2,z","-x+1/2,-y+1/2,z","-y+1/2,x+1/2,z+1/2","y+1/2,-x+1/2,z+1/2","-y+1/2,-x+1/2,-z","y+1/2,x+1/2,-z","-x+1/2,y+1/2,-z+1/2","x+1/2,-y+1/2,-z+1/2","-x+1/2,-y+1/2,-z","x+1/2,y+1/2,-z","y+1/2,-x+1/2,-z+1/2","-y+1/2,x+1/2,-z+1/2","y+1/2,x+1/2,z","-y+1/2,-x+1/2,z","x+1/2,-y+1/2,z+1/2","-x+1/2,y+1/2,z+1/2" ],"id": "C42/mcm","itaFull": "ita?.","set": 2,"sg": 131,"tm": "a-b,a+b,c","u": "C 42/m c m","wpos": { "pos": [ { "desc": "1","geom": "general","label": "r","mult": 16 },{ "coord": [ "1/2x-1/2y,1/2x+1/2y,0","-1/2x+1/2y,-1/2x-1/2y,0","-1/2x-1/2y,1/2x-1/2y,1/2","1/2x+1/2y,-1/2x+1/2y,1/2","-1/2x-1/2y,-1/2x+1/2y,0","1/2x+1/2y,1/2x-1/2y,0","-1/2x+1/2y,1/2x+1/2y,1/2","1/2x-1/2y,-1/2x-1/2y,1/2" ],"desc": "m..","geom": "plane","label": "q","mult": 8 },{ "coord": [ "-1/2y+1/4,1/2y+1/4,z","1/2y+1/4,-1/2y+1/4,z","-1/2y+3/4,-1/2y+1/4,z+1/2","1/2y+3/4,1/2y+1/4,z+1/2","-1/2y+1/4,1/2y+1/4,-z","1/2y+1/4,-1/2y+1/4,-z","1/2y+3/4,1/2y+1/4,-z+1/2","-1/2y+3/4,-1/2y+1/4,-z+1/2" ],"desc": ".m.","geom": "plane","label": "p","mult": 8 },{ "coord": [ "-1/2y,1/2y,z","1/2y,-1/2y,z","-1/2y,-1/2y,z+1/2","1/2y,1/2y,z+1/2","-1/2y,1/2y,-z","1/2y,-1/2y,-z","1/2y,1/2y,-z+1/2","-1/2y,-1/2y,-z+1/2" ],"desc": ".m.","geom": "plane","label": "o","mult": 8 },{ "coord": [ "0,x,1/4","0,-x,1/4","-x,0,3/4","x,0,3/4","0,-x,3/4","0,x,3/4","x,0,1/4","-x,0,1/4" ],"desc": "..2","geom": "line","label": "n","mult": 8 },{ "coord": [ "1/2x+3/4,1/2x+1/4,0","-1/2x+3/4,-1/2x+1/4,0","-1/2x+1/4,1/2x+1/4,1/2","1/2x+1/4,-1/2x+1/4,1/2" ],"desc": "m2m .","geom": "line","label": "m","mult": 4 },{ "coord": [ "1/2x,1/2x,1/2","-1/2x,-1/2x,1/2","-1/2x,1/2x,0","1/2x,-1/2x,0" ],"desc": "m2m .","geom": "line","label": "l","mult": 4 },{ "coord": [ "1/2x+3/4,1/2x+1/4,1/2","-1/2x+3/4,-1/2x+1/4,1/2","-1/2x+1/4,1/2x+1/4,0","1/2x+1/4,-1/2x+1/4,0" ],"desc": "m2m .","geom": "line","label": "k","mult": 4 },{ "coord": [ "1/2x,1/2x,0","-1/2x,-1/2x,0","-1/2x,1/2x,1/2","1/2x,-1/2x,1/2" ],"desc": "m2m .","geom": "line","label": "j","mult": 4 },{ "coord": [ "3/4,1/4,z","1/4,1/4,z+1/2","3/4,1/4,-z","1/4,1/4,-z+1/2" ],"desc": "2mm .","geom": "line","label": "i","mult": 4 },{ "coord": [ "0,1/2,z","0,1/2,z+1/2","0,1/2,-z","0,1/2,-z+1/2" ],"desc": "2mm .","geom": "line","label": "h","mult": 4 },{ "coord": [ "0,0,z","0,0,z+1/2","0,0,-z","0,0,-z+1/2" ],"desc": "2mm .","geom": "line","label": "g","mult": 4 },{ "coord": [ "0,1/2,1/4","0,1/2,3/4" ],"desc": "-4m2","geom": "point","label": "f","mult": 2 },{ "coord": [ "0,0,1/4","0,0,3/4" ],"desc": "-4m2","geom": "point","label": "e","mult": 2 },{ "coord": [ "3/4,1/4,1/2","1/4,1/4,0" ],"desc": "mmm .","geom": "point","label": "d","mult": 2 },{ "coord": [ "3/4,1/4,0","1/4,1/4,1/2" ],"desc": "mmm .","geom": "point","label": "c","mult": 2 },{ "coord": [ "0,1/2,0","0,1/2,1/2" ],"desc": "mmm .","geom": "point","label": "b","mult": 2 },{ "coord": [ "0,0,0","0,0,1/2" ],"desc": "mmm .","geom": "point","label": "a","mult": 2 } ] } } ],"n": 2,"sg": 131 }