{ "its": [ { "gen": [ "x,y,z","-x,y,-z","-x,-y,-z","x+1/2,y+1/2,z" ],"gp": [ "x,y,z","-x,y,-z","-x,-y,-z","x,-y,z","x+1/2,y+1/2,z","-x+1/2,y+1/2,-z","-x+1/2,-y+1/2,-z","x+1/2,-y+1/2,z" ],"id": "C12/m1","itaFull": "12:b1","set": 1,"sg": 12,"tm": "a,b,c","u": "C 1 2/m 1","wpos": { "cent": [ "1/2,1/2,0" ],"pos": [ { "desc": "1","geom": "general","label": "j","mult": 8 },{ "coord": [ "x,0,z","-x,0,-z" ],"desc": "m","geom": "plane","label": "i","mult": 4 },{ "coord": [ "0,y,1/2","0,-y,1/2" ],"desc": "2","geom": "line","label": "h","mult": 4 },{ "coord": [ "0,y,0","0,-y,0" ],"desc": "2","geom": "line","label": "g","mult": 4 },{ "coord": [ "1/4,1/4,1/2","3/4,1/4,1/2" ],"desc": "-1","geom": "point","label": "f","mult": 4 },{ "coord": [ "1/4,1/4,0","3/4,1/4,0" ],"desc": "-1","geom": "point","label": "e","mult": 4 },{ "coord": [ "0,1/2,1/2" ],"desc": "2/m","geom": "point","label": "d","mult": 2 },{ "coord": [ "0,0,1/2" ],"desc": "2/m","geom": "point","label": "c","mult": 2 },{ "coord": [ "0,1/2,0" ],"desc": "2/m","geom": "point","label": "b","mult": 2 },{ "coord": [ "0,0,0" ],"desc": "2/m","geom": "point","label": "a","mult": 2 } ] } },{ "gen": [ "x,y,z","-x,y,-z","-x,-y,-z","x,y+1/2,z+1/2" ],"gp": [ "x,y,z","-x,y,-z","-x,-y,-z","x,-y,z","x,y+1/2,z+1/2","-x,y+1/2,-z+1/2","-x,-y+1/2,-z+1/2","x,-y+1/2,z+1/2" ],"id": "A12/m1","itaFull": "12:b2","set": 2,"sg": 12,"tm": "-a-c,b,a","u": "A 1 2/m 1","wpos": { "cent": [ "0,1/2,1/2" ],"pos": [ { "desc": "1","geom": "general","label": "j","mult": 8 },{ "coord": [ "-z,0,x-z","z,0,-x+z" ],"desc": "m","geom": "plane","label": "i","mult": 4 },{ "coord": [ "1/2,y,1/2","1/2,-y,1/2" ],"desc": "2","geom": "line","label": "h","mult": 4 },{ "coord": [ "0,y,0","0,-y,0" ],"desc": "2","geom": "line","label": "g","mult": 4 },{ "coord": [ "1/2,1/4,3/4","1/2,1/4,1/4" ],"desc": "-1","geom": "point","label": "f","mult": 4 },{ "coord": [ "0,1/4,1/4","0,1/4,3/4" ],"desc": "-1","geom": "point","label": "e","mult": 4 },{ "coord": [ "1/2,1/2,1/2" ],"desc": "2/m","geom": "point","label": "d","mult": 2 },{ "coord": [ "1/2,0,1/2" ],"desc": "2/m","geom": "point","label": "c","mult": 2 },{ "coord": [ "0,1/2,0" ],"desc": "2/m","geom": "point","label": "b","mult": 2 },{ "coord": [ "0,0,0" ],"desc": "2/m","geom": "point","label": "a","mult": 2 } ] } },{ "gen": [ "x,y,z","-x,y,-z","-x,-y,-z","x-1/2,y+1/2,z-1/2" ],"gp": [ "x,y,z","-x,y,-z","-x,-y,-z","x,-y,z","x-1/2,y+1/2,z-1/2","-x-1/2,y+1/2,-z-1/2","-x-1/2,-y+1/2,-z-1/2","x-1/2,-y+1/2,z-1/2" ],"id": "I12/m1","itaFull": "12:b3","set": 3,"sg": 12,"tm": "c,b,-a-c","u": "I 1 2/m 1","wpos": { "cent": [ "1/2,1/2,1/2" ],"pos": [ { "desc": "1","geom": "general","label": "j","mult": 8 },{ "coord": [ "-x+z,0,-x","x-z,0,x" ],"desc": "m","geom": "plane","label": "i","mult": 4 },{ "coord": [ "1/2,y,0","1/2,-y,0" ],"desc": "2","geom": "line","label": "h","mult": 4 },{ "coord": [ "0,y,0","0,-y,0" ],"desc": "2","geom": "line","label": "g","mult": 4 },{ "coord": [ "1/4,1/4,3/4","3/4,1/4,1/4" ],"desc": "-1","geom": "point","label": "f","mult": 4 },{ "coord": [ "3/4,1/4,3/4","1/4,1/4,1/4" ],"desc": "-1","geom": "point","label": "e","mult": 4 },{ "coord": [ "1/2,1/2,0" ],"desc": "2/m","geom": "point","label": "d","mult": 2 },{ "coord": [ "1/2,0,0" ],"desc": "2/m","geom": "point","label": "c","mult": 2 },{ "coord": [ "0,1/2,0" ],"desc": "2/m","geom": "point","label": "b","mult": 2 },{ "coord": [ "0,0,0" ],"desc": "2/m","geom": "point","label": "a","mult": 2 } ] } },{ "gen": [ "x,y,z","-x,-y,z","-x,-y,-z","x,y+1/2,z+1/2" ],"gp": [ "x,y,z","-x,-y,z","-x,-y,-z","x,y,-z","x,y+1/2,z+1/2","-x,-y+1/2,z+1/2","-x,-y+1/2,-z+1/2","x,y+1/2,-z+1/2" ],"id": "A112/m","itaFull": "12:c1","set": 4,"sg": 12,"tm": "c,a,b","u": "A 1 1 2/m","wpos": { "cent": [ "0,1/2,1/2" ],"pos": [ { "desc": "1","geom": "general","label": "j","mult": 8 },{ "coord": [ "z,x,0","-z,-x,0" ],"desc": "m","geom": "plane","label": "i","mult": 4 },{ "coord": [ "1/2,0,y","1/2,0,-y" ],"desc": "2","geom": "line","label": "h","mult": 4 },{ "coord": [ "0,0,y","0,0,-y" ],"desc": "2","geom": "line","label": "g","mult": 4 },{ "coord": [ "1/2,1/4,1/4","1/2,3/4,1/4" ],"desc": "-1","geom": "point","label": "f","mult": 4 },{ "coord": [ "0,1/4,1/4","0,3/4,1/4" ],"desc": "-1","geom": "point","label": "e","mult": 4 },{ "coord": [ "1/2,0,1/2" ],"desc": "2/m","geom": "point","label": "d","mult": 2 },{ "coord": [ "1/2,0,0" ],"desc": "2/m","geom": "point","label": "c","mult": 2 },{ "coord": [ "0,0,1/2" ],"desc": "2/m","geom": "point","label": "b","mult": 2 },{ "coord": [ "0,0,0" ],"desc": "2/m","geom": "point","label": "a","mult": 2 } ] } },{ "gen": [ "x,y,z","-x,-y,z","-x,-y,-z","x+1/2,y,z+1/2" ],"gp": [ "x,y,z","-x,-y,z","-x,-y,-z","x,y,-z","x+1/2,y,z+1/2","-x+1/2,-y,z+1/2","-x+1/2,-y,-z+1/2","x+1/2,y,-z+1/2" ],"id": "B112/m","itaFull": "12:c2","set": 5,"sg": 12,"tm": "a,-a-c,b","u": "B 1 1 2/m","wpos": { "cent": [ "1/2,0,1/2" ],"pos": [ { "desc": "1","geom": "general","label": "j","mult": 8 },{ "coord": [ "x-z,-z,0","-x+z,z,0" ],"desc": "m","geom": "plane","label": "i","mult": 4 },{ "coord": [ "1/2,1/2,y","1/2,1/2,-y" ],"desc": "2","geom": "line","label": "h","mult": 4 },{ "coord": [ "0,0,y","0,0,-y" ],"desc": "2","geom": "line","label": "g","mult": 4 },{ "coord": [ "3/4,1/2,1/4","1/4,1/2,1/4" ],"desc": "-1","geom": "point","label": "f","mult": 4 },{ "coord": [ "1/4,0,1/4","3/4,0,1/4" ],"desc": "-1","geom": "point","label": "e","mult": 4 },{ "coord": [ "1/2,1/2,1/2" ],"desc": "2/m","geom": "point","label": "d","mult": 2 },{ "coord": [ "1/2,1/2,0" ],"desc": "2/m","geom": "point","label": "c","mult": 2 },{ "coord": [ "0,0,1/2" ],"desc": "2/m","geom": "point","label": "b","mult": 2 },{ "coord": [ "0,0,0" ],"desc": "2/m","geom": "point","label": "a","mult": 2 } ] } },{ "gen": [ "x,y,z","-x,-y,z","-x,-y,-z","x-1/2,y-1/2,z+1/2" ],"gp": [ "x,y,z","-x,-y,z","-x,-y,-z","x,y,-z","x-1/2,y-1/2,z+1/2","-x-1/2,-y-1/2,z+1/2","-x-1/2,-y-1/2,-z+1/2","x-1/2,y-1/2,-z+1/2" ],"id": "I112/m","itaFull": "12:c3","set": 6,"sg": 12,"tm": "-a-c,c,b","u": "I 1 1 2/m","wpos": { "cent": [ "1/2,1/2,1/2" ],"pos": [ { "desc": "1","geom": "general","label": "j","mult": 8 },{ "coord": [ "-x,-x+z,0","x,x-z,0" ],"desc": "m","geom": "plane","label": "i","mult": 4 },{ "coord": [ "0,1/2,y","0,1/2,-y" ],"desc": "2","geom": "line","label": "h","mult": 4 },{ "coord": [ "0,0,y","0,0,-y" ],"desc": "2","geom": "line","label": "g","mult": 4 },{ "coord": [ "3/4,1/4,1/4","1/4,3/4,1/4" ],"desc": "-1","geom": "point","label": "f","mult": 4 },{ "coord": [ "3/4,3/4,1/4","1/4,1/4,1/4" ],"desc": "-1","geom": "point","label": "e","mult": 4 },{ "coord": [ "0,1/2,1/2" ],"desc": "2/m","geom": "point","label": "d","mult": 2 },{ "coord": [ "0,1/2,0" ],"desc": "2/m","geom": "point","label": "c","mult": 2 },{ "coord": [ "0,0,1/2" ],"desc": "2/m","geom": "point","label": "b","mult": 2 },{ "coord": [ "0,0,0" ],"desc": "2/m","geom": "point","label": "a","mult": 2 } ] } },{ "gen": [ "x,y,z","x,-y,-z","-x,-y,-z","x+1/2,y,z+1/2" ],"gp": [ "x,y,z","x,-y,-z","-x,-y,-z","-x,y,z","x+1/2,y,z+1/2","x+1/2,-y,-z+1/2","-x+1/2,-y,-z+1/2","-x+1/2,y,z+1/2" ],"id": "B2/m11","itaFull": "12:a1","set": 7,"sg": 12,"tm": "b,c,a","u": "B 2/m 1 1","wpos": { "cent": [ "1/2,0,1/2" ],"pos": [ { "desc": "1","geom": "general","label": "j","mult": 8 },{ "coord": [ "0,z,x","0,-z,-x" ],"desc": "m","geom": "plane","label": "i","mult": 4 },{ "coord": [ "y,1/2,0","-y,1/2,0" ],"desc": "2","geom": "line","label": "h","mult": 4 },{ "coord": [ "y,0,0","-y,0,0" ],"desc": "2","geom": "line","label": "g","mult": 4 },{ "coord": [ "1/4,1/2,1/4","1/4,1/2,3/4" ],"desc": "-1","geom": "point","label": "f","mult": 4 },{ "coord": [ "1/4,0,1/4","1/4,0,3/4" ],"desc": "-1","geom": "point","label": "e","mult": 4 },{ "coord": [ "1/2,1/2,0" ],"desc": "2/m","geom": "point","label": "d","mult": 2 },{ "coord": [ "0,1/2,0" ],"desc": "2/m","geom": "point","label": "c","mult": 2 },{ "coord": [ "1/2,0,0" ],"desc": "2/m","geom": "point","label": "b","mult": 2 },{ "coord": [ "0,0,0" ],"desc": "2/m","geom": "point","label": "a","mult": 2 } ] } },{ "gen": [ "x,y,z","x,-y,-z","-x,-y,-z","x+1/2,y+1/2,z" ],"gp": [ "x,y,z","x,-y,-z","-x,-y,-z","-x,y,z","x+1/2,y+1/2,z","x+1/2,-y+1/2,-z","-x+1/2,-y+1/2,-z","-x+1/2,y+1/2,z" ],"id": "C2/m11","itaFull": "12:a2","set": 8,"sg": 12,"tm": "b,a,-a-c","u": "C 2/m 1 1","wpos": { "cent": [ "1/2,1/2,0" ],"pos": [ { "desc": "1","geom": "general","label": "j","mult": 8 },{ "coord": [ "0,x-z,-z","0,-x+z,z" ],"desc": "m","geom": "plane","label": "i","mult": 4 },{ "coord": [ "y,1/2,1/2","-y,1/2,1/2" ],"desc": "2","geom": "line","label": "h","mult": 4 },{ "coord": [ "y,0,0","-y,0,0" ],"desc": "2","geom": "line","label": "g","mult": 4 },{ "coord": [ "1/4,3/4,1/2","1/4,1/4,1/2" ],"desc": "-1","geom": "point","label": "f","mult": 4 },{ "coord": [ "1/4,1/4,0","1/4,3/4,0" ],"desc": "-1","geom": "point","label": "e","mult": 4 },{ "coord": [ "1/2,1/2,1/2" ],"desc": "2/m","geom": "point","label": "d","mult": 2 },{ "coord": [ "0,1/2,1/2" ],"desc": "2/m","geom": "point","label": "c","mult": 2 },{ "coord": [ "1/2,0,0" ],"desc": "2/m","geom": "point","label": "b","mult": 2 },{ "coord": [ "0,0,0" ],"desc": "2/m","geom": "point","label": "a","mult": 2 } ] } },{ "gen": [ "x,y,z","x,-y,-z","-x,-y,-z","x+1/2,y-1/2,z-1/2" ],"gp": [ "x,y,z","x,-y,-z","-x,-y,-z","-x,y,z","x+1/2,y-1/2,z-1/2","x+1/2,-y-1/2,-z-1/2","-x+1/2,-y-1/2,-z-1/2","-x+1/2,y-1/2,z-1/2" ],"id": "I2/m11","itaFull": "12:a3","set": 9,"sg": 12,"tm": "b,-a-c,c","u": "I 2/m 1 1","wpos": { "cent": [ "1/2,1/2,1/2" ],"pos": [ { "desc": "1","geom": "general","label": "j","mult": 8 },{ "coord": [ "0,-x,-x+z","0,x,x-z" ],"desc": "m","geom": "plane","label": "i","mult": 4 },{ "coord": [ "y,0,1/2","-y,0,1/2" ],"desc": "2","geom": "line","label": "h","mult": 4 },{ "coord": [ "y,0,0","-y,0,0" ],"desc": "2","geom": "line","label": "g","mult": 4 },{ "coord": [ "1/4,3/4,1/4","1/4,1/4,3/4" ],"desc": "-1","geom": "point","label": "f","mult": 4 },{ "coord": [ "1/4,3/4,3/4","1/4,1/4,1/4" ],"desc": "-1","geom": "point","label": "e","mult": 4 },{ "coord": [ "1/2,0,1/2" ],"desc": "2/m","geom": "point","label": "d","mult": 2 },{ "coord": [ "0,0,1/2" ],"desc": "2/m","geom": "point","label": "c","mult": 2 },{ "coord": [ "1/2,0,0" ],"desc": "2/m","geom": "point","label": "b","mult": 2 },{ "coord": [ "0,0,0" ],"desc": "2/m","geom": "point","label": "a","mult": 2 } ] } } ],"n": 9,"sg": 12 }