{ "its": [ { "gen": [ "x,y,z","-x,-y,z","-y,x,z+1/2","x+1/2,-y+1/2,z" ],"gp": [ "x,y,z","-x,-y,z","-y,x,z+1/2","y,-x,z+1/2","x+1/2,-y+1/2,z","-x+1/2,y+1/2,z","-y+1/2,-x+1/2,z+1/2","y+1/2,x+1/2,z+1/2" ],"id": "P42bc","itaFull": "106","set": 1,"sg": 106,"tm": "a,b,c","u": "P 42 b c","wpos": { "pos": [ { "desc": "1","geom": "general","label": "c","mult": 8 },{ "coord": [ "0,1/2,z","1/2,0,z+1/2","1/2,0,z","0,1/2,z+1/2" ],"desc": "2..","geom": "line","label": "b","mult": 4 },{ "coord": [ "0,0,z","0,0,z+1/2","1/2,1/2,z","1/2,1/2,z+1/2" ],"desc": "2..","geom": "line","label": "a","mult": 4 } ] } },{ "gen": [ "x,y,z","-x,-y,z","-y,x,z+1/2","y,x+1/2,z","x+1/2,y+1/2,z","-x+1/2,-y+1/2,z","-y+1/2,x+1/2,z+1/2","y+1/2,x+1,z" ],"gp": [ "x,y,z","-x,-y,z","-y,x,z+1/2","y,-x,z+1/2","y,x+1/2,z","-y,-x+1/2,z","x,-y+1/2,z+1/2","-x,y+1/2,z+1/2","x+1/2,y+1/2,z","-x+1/2,-y+1/2,z","-y+1/2,x+1/2,z+1/2","y+1/2,-x+1/2,z+1/2" ],"id": "C42cg1","itaFull": "ita?.","set": 2,"sg": 106,"tm": "a-b,a+b,c","u": "C 42 c g1","wpos": { "pos": [ { "desc": "1","geom": "general","label": "c","mult": 8 },{ "coord": [ "3/4,1/4,z","1/4,1/4,z+1/2","1/4,1/4,z","3/4,1/4,z+1/2" ],"desc": "2..","geom": "line","label": "b","mult": 4 },{ "coord": [ "0,0,z","0,0,z+1/2","0,1/2,z","0,1/2,z+1/2" ],"desc": "2..","geom": "line","label": "a","mult": 4 } ] } } ],"n": 2,"sg": 106 }