{ "its": [ { "gen": [ "x,y,z","-x+1/2,-y+1/2,z","-y+1/2,x,z+1/2","-x,y+1/2,-z+1/2","-x,-y,-z" ],"gp": [ "x,y,z","-x+1/2,-y+1/2,z","-y+1/2,x,z+1/2","y,-x+1/2,z+1/2","-x,y+1/2,-z+1/2","x+1/2,-y,-z+1/2","y+1/2,x+1/2,-z","-y,-x,-z","-x,-y,-z","x+1/2,y+1/2,-z","y+1/2,-x,-z+1/2","-y,x+1/2,-z+1/2","x,-y+1/2,z+1/2","-x+1/2,y,z+1/2","-y+1/2,-x+1/2,z","y,x,z" ],"id": "P42/ncm","itaFull": "138:2","set": 1,"sg": 138,"tm": "a,b,c","u": "P 42/n c m  [origin 2]","wpos": { "pos": [ { "desc": "1","geom": "general","label": "j","mult": 16 },{ "coord": [ "x,x,z","-x+1/2,-x+1/2,z","-x+1/2,x,z+1/2","x,-x+1/2,z+1/2","-x,x+1/2,-z+1/2","x+1/2,-x,-z+1/2","x+1/2,x+1/2,-z","-x,-x,-z" ],"desc": "..m","geom": "plane","label": "i","mult": 8 },{ "coord": [ "x,-x,0","-x+1/2,x+1/2,0","x+1/2,x,1/2","-x,-x+1/2,1/2","-x,x,0","x+1/2,-x+1/2,0","-x+1/2,-x,1/2","x,x+1/2,1/2" ],"desc": "..2","geom": "line","label": "h","mult": 8 },{ "coord": [ "x,-x,1/2","-x+1/2,x+1/2,1/2","x+1/2,x,0","-x,-x+1/2,0","-x,x,1/2","x+1/2,-x+1/2,1/2","-x+1/2,-x,0","x,x+1/2,0" ],"desc": "..2","geom": "line","label": "g","mult": 8 },{ "coord": [ "3/4,1/4,z","1/4,3/4,z+1/2","1/4,3/4,-z+1/2","3/4,1/4,-z","1/4,3/4,-z","3/4,1/4,-z+1/2","3/4,1/4,z+1/2","1/4,3/4,z" ],"desc": "2..","geom": "line","label": "f","mult": 8 },{ "coord": [ "1/4,1/4,z","1/4,1/4,z+1/2","3/4,3/4,-z+1/2","3/4,3/4,-z" ],"desc": "2.m m","geom": "line","label": "e","mult": 4 },{ "coord": [ "0,0,0","1/2,1/2,0","1/2,0,1/2","0,1/2,1/2" ],"desc": "..2/m","geom": "point","label": "d","mult": 4 },{ "coord": [ "0,0,1/2","1/2,1/2,1/2","1/2,0,0","0,1/2,0" ],"desc": "..2/m","geom": "point","label": "c","mult": 4 },{ "coord": [ "3/4,1/4,3/4","1/4,3/4,1/4","1/4,3/4,3/4","3/4,1/4,1/4" ],"desc": "-4..","geom": "point","label": "b","mult": 4 },{ "coord": [ "3/4,1/4,0","1/4,3/4,1/2","1/4,3/4,0","3/4,1/4,1/2" ],"desc": "2.2 2","geom": "point","label": "a","mult": 4 } ] } },{ "gen": [ "x,y,z","-x,-y+1/2,z","-y+1/4,x+1/4,z+1/2","-y-1/4,-x+1/4,-z+1/2","-x,-y,-z","x+1/2,y+1/2,z","-x+1/2,-y+1,z","-y+3/4,x+3/4,z+1/2","-y+1/4,-x+3/4,-z+1/2","-x+1/2,-y+1/2,-z" ],"gp": [ "x,y,z","-x,-y+1/2,z","-y+1/4,x+1/4,z+1/2","y-1/4,-x+1/4,z+1/2","-y-1/4,-x+1/4,-z+1/2","y+1/4,x+1/4,-z+1/2","-x,y+1/2,-z","x,-y,-z","-x,-y,-z","x,y+1/2,-z","y+1/4,-x+1/4,-z+1/2","-y-1/4,x+1/4,-z+1/2","y-1/4,x+1/4,z+1/2","-y+1/4,-x+1/4,z+1/2","x,-y+1/2,z","-x,y,z","x+1/2,y+1/2,z","-y+3/4,x+3/4,z+1/2","y+1/4,-x+3/4,z+1/2","-y+1/4,-x+3/4,-z+1/2","y+3/4,x+3/4,-z+1/2","x+1/2,-y+1/2,-z","-x+1/2,-y+1/2,-z","y+3/4,-x+3/4,-z+1/2","-y+1/4,x+3/4,-z+1/2","y+1/4,x+3/4,z+1/2","-y+3/4,-x+3/4,z+1/2","-x+1/2,y+1/2,z" ],"id": "C42/emc:2","itaFull": "ita?.","set": 2,"sg": 138,"tm": "a-b,a+b,c","u": "C 42/e m c :2","wpos": { "pos": [ { "desc": "1","geom": "general","label": "j","mult": 16 },{ "coord": [ "0,x,z","0,-x+1/2,z","-x+1/4,1/4,z+1/2","x+3/4,1/4,z+1/2","-x+3/4,1/4,-z+1/2","x+1/4,1/4,-z+1/2","0,x+1/2,-z","0,-x,-z" ],"desc": "..m","geom": "plane","label": "i","mult": 8 },{ "coord": [ "x,0,0","-x,1/2,0","1/4,x+1/4,1/2","3/4,-x+1/4,1/2","-x,0,0","x,1/2,0","1/4,-x+1/4,1/2","3/4,x+1/4,1/2" ],"desc": "..2","geom": "line","label": "h","mult": 8 },{ "coord": [ "x,0,1/2","-x,1/2,1/2","1/4,x+1/4,0","3/4,-x+1/4,0","-x,0,1/2","x,1/2,1/2","1/4,-x+1/4,0","3/4,x+1/4,0" ],"desc": "..2","geom": "line","label": "g","mult": 8 },{ "coord": [ "1/4,1/2,z","3/4,1/2,z+1/2","3/4,1/2,-z+1/2","1/4,1/2,-z","3/4,1/2,-z","1/4,1/2,-z+1/2","1/4,1/2,z+1/2","3/4,1/2,z" ],"desc": "2..","geom": "line","label": "f","mult": 8 },{ "coord": [ "0,1/4,z","0,1/4,z+1/2","0,3/4,-z+1/2","0,3/4,-z" ],"desc": "2.m m","geom": "line","label": "e","mult": 4 },{ "coord": [ "0,0,0","0,1/2,0","1/4,1/4,1/2","3/4,1/4,1/2" ],"desc": "..2/m","geom": "point","label": "d","mult": 4 },{ "coord": [ "0,0,1/2","0,1/2,1/2","1/4,1/4,0","3/4,1/4,0" ],"desc": "..2/m","geom": "point","label": "c","mult": 4 },{ "coord": [ "1/4,1/2,3/4","3/4,1/2,1/4","3/4,1/2,3/4","1/4,1/2,1/4" ],"desc": "-4..","geom": "point","label": "b","mult": 4 },{ "coord": [ "1/4,1/2,0","3/4,1/2,1/2","3/4,1/2,0","1/4,1/2,1/2" ],"desc": "2.2 2","geom": "point","label": "a","mult": 4 } ] } },{ "gen": [ "x,y,z","-x+1,-y,z","-y+1/2,x-1/2,z+1/2","-x+1/2,y+1/2,-z+1","-x+1/2,-y-1/2,-z+1/2" ],"gp": [ "x,y,z","-y+1/2,x-1/2,z+1/2","y+1/2,-x+1/2,z+1/2","-y,-x,-z+1/2","-x+1/2,-y-1/2,-z+1/2","x+1/2,y+1/2,-z+1/2","x,-y,z+1/2","-y+1/2,-x+1/2,z","y+1/2,x-1/2,z" ],"id": "P42/ncm:1","itaFull": "ita?.","set": 3,"sg": 138,"tm": "a-1/4,b+1/4,c-1/4","u": "P 42/n c m :1","wpos": { "pos": [ { "desc": "1","geom": "general","label": "j","mult": 16 },{ "coord": [ "x+1/4,x+3/4,z+1/4","-x+3/4,-x+1/4,z+1/4","-x+3/4,x+3/4,z+3/4","x+1/4,-x+1/4,z+3/4","-x+1/4,x+1/4,-z+3/4","x+3/4,-x+3/4,-z+3/4","x+3/4,x+1/4,-z+1/4","-x+1/4,-x+3/4,-z+1/4" ],"desc": "..m","geom": "plane","label": "i","mult": 8 },{ "coord": [ "x+1/4,-x+3/4,1/4","-x+3/4,x+1/4,1/4","x+3/4,x+3/4,3/4","-x+1/4,-x+1/4,3/4","-x+1/4,x+3/4,1/4","x+3/4,-x+1/4,1/4","-x+3/4,-x+3/4,3/4","x+1/4,x+1/4,3/4" ],"desc": "..2","geom": "line","label": "h","mult": 8 },{ "coord": [ "x+1/4,-x+3/4,3/4","-x+3/4,x+1/4,3/4","x+3/4,x+3/4,1/4","-x+1/4,-x+1/4,1/4","-x+1/4,x+3/4,3/4","x+3/4,-x+1/4,3/4","-x+3/4,-x+3/4,1/4","x+1/4,x+1/4,1/4" ],"desc": "..2","geom": "line","label": "g","mult": 8 },{ "coord": [ "0,0,z+1/4","1/2,1/2,z+3/4","1/2,1/2,-z+3/4","0,0,-z+1/4","1/2,1/2,-z+1/4","0,0,-z+3/4","0,0,z+3/4","1/2,1/2,z+1/4" ],"desc": "2..","geom": "line","label": "f","mult": 8 },{ "coord": [ "1/2,0,z+1/4","1/2,0,z+3/4","0,1/2,-z+3/4","0,1/2,-z+1/4" ],"desc": "2.m m","geom": "line","label": "e","mult": 4 },{ "coord": [ "1/4,3/4,1/4","3/4,1/4,1/4","3/4,3/4,3/4","1/4,1/4,3/4" ],"desc": "..2/m","geom": "point","label": "d","mult": 4 },{ "coord": [ "1/4,3/4,3/4","3/4,1/4,3/4","3/4,3/4,1/4","1/4,1/4,1/4" ],"desc": "..2/m","geom": "point","label": "c","mult": 4 },{ "coord": [ "0,0,0","1/2,1/2,1/2","1/2,1/2,0","0,0,1/2" ],"desc": "-4..","geom": "point","label": "b","mult": 4 },{ "coord": [ "0,0,1/4","1/2,1/2,3/4","1/2,1/2,1/4","0,0,3/4" ],"desc": "2.2 2","geom": "point","label": "a","mult": 4 } ] } },{ "gen": [ "x,y,z","-x+1/2,-y+1/2,z","-y+1/2,x,z+1/2","-y,-x+1/2,-z+1","-x+1/2,-y,-z+1/2","x+1/2,y+1/2,z","-x+1,-y+1,z","-y+1,x+1/2,z+1/2","-y+1/2,-x+1,-z+1","-x+1,-y+1/2,-z+1/2" ],"gp": [ "x,y,z","-x+1/2,-y+1/2,z","-y+1/2,x,z+1/2","y,-x+1/2,z+1/2","-x+1/2,y+1/2,-z+1/2","x,-y,-z+1/2","-x+1/2,-y,-z+1/2","x,y+1/2,-z+1/2","y,x,z+1/2","-y+1/2,-x+1/2,z+1/2","x,-y+1/2,z","-x+1/2,y,z","x+1/2,y+1/2,z","x+1/2,-y+1/2,-z+1/2","y+1/2,x+1/2,z+1/2" ],"id": "C42/emc:1","itaFull": "ita?.","set": 4,"sg": 138,"tm": "a-b-1/4,a+b+1/4,c-1/4","u": "C 42/e m c :1","wpos": { "pos": [ { "desc": "1","geom": "general","label": "j","mult": 16 },{ "coord": [ "1/4,x,z+1/4","1/4,-x+1/2,z+1/4","-x+1/2,1/4,z+3/4","x,1/4,z+3/4","-x,1/4,-z+3/4","x+1/2,1/4,-z+3/4","1/4,x+1/2,-z+1/4","1/4,-x,-z+1/4" ],"desc": "..m","geom": "plane","label": "i","mult": 8 },{ "coord": [ "x+1/4,0,1/4","-x+1/4,1/2,1/4","1/2,x+1/4,3/4","0,-x+1/4,3/4","-x+1/4,0,1/4","x+1/4,1/2,1/4","1/2,-x+1/4,3/4","0,x+1/4,3/4" ],"desc": "..2","geom": "line","label": "h","mult": 8 },{ "coord": [ "x+1/4,0,3/4","-x+1/4,1/2,3/4","1/2,x+1/4,1/4","0,-x+1/4,1/4","-x+1/4,0,3/4","x+1/4,1/2,3/4","1/2,-x+1/4,1/4","0,x+1/4,1/4" ],"desc": "..2","geom": "line","label": "g","mult": 8 },{ "coord": [ "1/2,1/2,z+1/4","0,1/2,z+3/4","0,1/2,-z+3/4","1/2,1/2,-z+1/4","0,1/2,-z+1/4","1/2,1/2,-z+3/4","1/2,1/2,z+3/4","0,1/2,z+1/4" ],"desc": "2..","geom": "line","label": "f","mult": 8 },{ "coord": [ "1/4,1/4,z+1/4","1/4,1/4,z+3/4","1/4,3/4,-z+3/4","1/4,3/4,-z+1/4" ],"desc": "2.m m","geom": "line","label": "e","mult": 4 },{ "coord": [ "1/4,0,1/4","1/4,1/2,1/4","1/2,1/4,3/4","0,1/4,3/4" ],"desc": "..2/m","geom": "point","label": "d","mult": 4 },{ "coord": [ "1/4,0,3/4","1/4,1/2,3/4","1/2,1/4,1/4","0,1/4,1/4" ],"desc": "..2/m","geom": "point","label": "c","mult": 4 },{ "coord": [ "1/2,1/2,0","0,1/2,1/2","0,1/2,0","1/2,1/2,1/2" ],"desc": "-4..","geom": "point","label": "b","mult": 4 },{ "coord": [ "1/2,1/2,1/4","0,1/2,3/4","0,1/2,1/4","1/2,1/2,3/4" ],"desc": "2.2 2","geom": "point","label": "a","mult": 4 } ] } } ],"n": 4,"sg": 138 }