{ "its": [ { "gen": [ "x,y,z","-x,-y,z","-x,y,-z","z,x,y","y,x,-z","-x,-y,-z" ],"gp": [ "x,y,z","-x,-y,z","-x,y,-z","x,-y,-z","z,x,y","z,-x,-y","-z,-x,y","-z,x,-y","y,z,x","-y,z,-x","y,-z,-x","-y,-z,x","y,x,-z","-y,-x,-z","y,-x,z","-y,x,z","x,z,-y","-x,z,y","-x,-z,-y","x,-z,y","z,y,-x","z,-y,x","-z,y,x","-z,-y,-x","-x,-y,-z","x,y,-z","x,-y,z","-x,y,z","-z,-x,-y","-z,x,y","z,x,-y","z,-x,y","-y,-z,-x","y,-z,x","-y,z,x","y,z,-x","-y,-x,z","y,x,z","-y,x,-z","y,-x,-z","-x,-z,y","x,-z,-y","x,z,y","-x,z,-y","-z,-y,x","-z,y,-x","z,-y,-x","z,y,x" ],"id": "Pm-3m","itaFull": "221","set": 1,"sg": 221,"tm": "a,b,c","u": "P m -3 m","wpos": { "pos": [ { "desc": "1","geom": "general","label": "n","mult": 48 },{ "coord": [ "x,x,z","-x,-x,z","-x,x,-z","x,-x,-z","z,x,x","z,-x,-x","-z,-x,x","-z,x,-x","x,z,x","-x,z,-x","x,-z,-x","-x,-z,x","x,x,-z","-x,-x,-z","x,-x,z","-x,x,z","x,z,-x","-x,z,x","-x,-z,-x","x,-z,x","z,x,-x","z,-x,x","-z,x,x","-z,-x,-x" ],"desc": "..m","geom": "plane","label": "m","mult": 24 },{ "coord": [ "1/2,y,z","1/2,-y,z","1/2,y,-z","1/2,-y,-z","z,1/2,y","z,1/2,-y","-z,1/2,y","-z,1/2,-y","y,z,1/2","-y,z,1/2","y,-z,1/2","-y,-z,1/2","y,1/2,-z","-y,1/2,-z","y,1/2,z","-y,1/2,z","1/2,z,-y","1/2,z,y","1/2,-z,-y","1/2,-z,y","z,y,1/2","z,-y,1/2","-z,y,1/2","-z,-y,1/2" ],"desc": "m..","geom": "plane","label": "l","mult": 24 },{ "coord": [ "0,y,z","0,-y,z","0,y,-z","0,-y,-z","z,0,y","z,0,-y","-z,0,y","-z,0,-y","y,z,0","-y,z,0","y,-z,0","-y,-z,0","y,0,-z","-y,0,-z","y,0,z","-y,0,z","0,z,-y","0,z,y","0,-z,-y","0,-z,y","z,y,0","z,-y,0","-z,y,0","-z,-y,0" ],"desc": "m..","geom": "plane","label": "k","mult": 24 },{ "coord": [ "1/2,y,y","1/2,-y,y","1/2,y,-y","1/2,-y,-y","y,1/2,y","y,1/2,-y","-y,1/2,y","-y,1/2,-y","y,y,1/2","-y,y,1/2","y,-y,1/2","-y,-y,1/2" ],"desc": "m.m 2","geom": "line","label": "j","mult": 12 },{ "coord": [ "0,y,y","0,-y,y","0,y,-y","0,-y,-y","y,0,y","y,0,-y","-y,0,y","-y,0,-y","y,y,0","-y,y,0","y,-y,0","-y,-y,0" ],"desc": "m.m 2","geom": "line","label": "i","mult": 12 },{ "coord": [ "x,1/2,0","-x,1/2,0","0,x,1/2","0,-x,1/2","1/2,0,x","1/2,0,-x","1/2,x,0","1/2,-x,0","x,0,1/2","-x,0,1/2","0,1/2,-x","0,1/2,x" ],"desc": "mm2 . .","geom": "line","label": "h","mult": 12 },{ "coord": [ "x,x,x","-x,-x,x","-x,x,-x","x,-x,-x","x,x,-x","-x,-x,-x","x,-x,x","-x,x,x" ],"desc": ".3m","geom": "line","label": "g","mult": 8 },{ "coord": [ "x,1/2,1/2","-x,1/2,1/2","1/2,x,1/2","1/2,-x,1/2","1/2,1/2,x","1/2,1/2,-x" ],"desc": "4m. m","geom": "line","label": "f","mult": 6 },{ "coord": [ "x,0,0","-x,0,0","0,x,0","0,-x,0","0,0,x","0,0,-x" ],"desc": "4m. m","geom": "line","label": "e","mult": 6 },{ "coord": [ "1/2,0,0","0,1/2,0","0,0,1/2" ],"desc": "4/mm. m","geom": "point","label": "d","mult": 3 },{ "coord": [ "0,1/2,1/2","1/2,0,1/2","1/2,1/2,0" ],"desc": "4/mm. m","geom": "point","label": "c","mult": 3 },{ "coord": [ "1/2,1/2,1/2" ],"desc": "m-3m","geom": "point","label": "b","mult": 1 },{ "coord": [ "0,0,0" ],"desc": "m-3m","geom": "point","label": "a","mult": 1 } ] } } ],"n": 1,"sg": 221 }