{ "its": [ { "gen": [ "x,y,z","-x,-y,z","-x,y,-z","z,x,y","-x,-y,-z" ],"gp": [ "x,y,z","-x,-y,z","-x,y,-z","x,-y,-z","z,x,y","z,-x,-y","-z,-x,y","-z,x,-y","y,z,x","-y,z,-x","y,-z,-x","-y,-z,x","-x,-y,-z","x,y,-z","x,-y,z","-x,y,z","-z,-x,-y","-z,x,y","z,x,-y","z,-x,y","-y,-z,-x","y,-z,x","-y,z,x","y,z,-x" ],"id": "Pm-3","itaFull": "200","set": 1,"sg": 200,"tm": "a,b,c","u": "P m -3","wpos": { "pos": [ { "desc": "1","geom": "general","label": "l","mult": 24 },{ "coord": [ "1/2,y,z","1/2,-y,z","1/2,y,-z","1/2,-y,-z","z,1/2,y","z,1/2,-y","-z,1/2,y","-z,1/2,-y","y,z,1/2","-y,z,1/2","y,-z,1/2","-y,-z,1/2" ],"desc": "m..","geom": "plane","label": "k","mult": 12 },{ "coord": [ "0,y,z","0,-y,z","0,y,-z","0,-y,-z","z,0,y","z,0,-y","-z,0,y","-z,0,-y","y,z,0","-y,z,0","y,-z,0","-y,-z,0" ],"desc": "m..","geom": "plane","label": "j","mult": 12 },{ "coord": [ "x,x,x","-x,-x,x","-x,x,-x","x,-x,-x","-x,-x,-x","x,x,-x","x,-x,x","-x,x,x" ],"desc": ".3.","geom": "line","label": "i","mult": 8 },{ "coord": [ "x,1/2,1/2","-x,1/2,1/2","1/2,x,1/2","1/2,-x,1/2","1/2,1/2,x","1/2,1/2,-x" ],"desc": "mm2 . .","geom": "line","label": "h","mult": 6 },{ "coord": [ "x,1/2,0","-x,1/2,0","0,x,1/2","0,-x,1/2","1/2,0,x","1/2,0,-x" ],"desc": "mm2 . .","geom": "line","label": "g","mult": 6 },{ "coord": [ "x,0,1/2","-x,0,1/2","1/2,x,0","1/2,-x,0","0,1/2,x","0,1/2,-x" ],"desc": "mm2 . .","geom": "line","label": "f","mult": 6 },{ "coord": [ "x,0,0","-x,0,0","0,x,0","0,-x,0","0,0,x","0,0,-x" ],"desc": "mm2 . .","geom": "line","label": "e","mult": 6 },{ "coord": [ "1/2,0,0","0,1/2,0","0,0,1/2" ],"desc": "mmm . .","geom": "point","label": "d","mult": 3 },{ "coord": [ "0,1/2,1/2","1/2,0,1/2","1/2,1/2,0" ],"desc": "mmm . .","geom": "point","label": "c","mult": 3 },{ "coord": [ "1/2,1/2,1/2" ],"desc": "m-3.","geom": "point","label": "b","mult": 1 },{ "coord": [ "0,0,0" ],"desc": "m-3.","geom": "point","label": "a","mult": 1 } ] } } ],"n": 1,"sg": 200 }