{ "its": [ { "gen": [ "x,y,z","-y,x-y,z","x,y,-z","y,x,-z" ],"gp": [ "x,y,z","-y,x-y,z","-x+y,-x,z","x,y,-z","-y,x-y,-z","-x+y,-x,-z","y,x,-z","x-y,-y,-z","-x,-x+y,-z","y,x,z","x-y,-y,z","-x,-x+y,z" ],"id": "P-62m","itaFull": "189","set": 1,"sg": 189,"tm": "a,b,c","u": "P -6 2 m","wpos": { "pos": [ { "desc": "1","geom": "general","label": "l","mult": 12 },{ "coord": [ "x,y,1/2","-y,x-y,1/2","-x+y,-x,1/2","y,x,1/2","x-y,-y,1/2","-x,-x+y,1/2" ],"desc": "m..","geom": "plane","label": "k","mult": 6 },{ "coord": [ "x,y,0","-y,x-y,0","-x+y,-x,0","y,x,0","x-y,-y,0","-x,-x+y,0" ],"desc": "m..","geom": "plane","label": "j","mult": 6 },{ "coord": [ "x,0,z","0,x,z","-x,-x,z","x,0,-z","0,x,-z","-x,-x,-z" ],"desc": "..m","geom": "plane","label": "i","mult": 6 },{ "coord": [ "1/3,2/3,z","1/3,2/3,-z","2/3,1/3,-z","2/3,1/3,z" ],"desc": "3..","geom": "line","label": "h","mult": 4 },{ "coord": [ "x,0,1/2","0,x,1/2","-x,-x,1/2" ],"desc": "m2m","geom": "line","label": "g","mult": 3 },{ "coord": [ "x,0,0","0,x,0","-x,-x,0" ],"desc": "m2m","geom": "line","label": "f","mult": 3 },{ "coord": [ "0,0,z","0,0,-z" ],"desc": "3.m","geom": "line","label": "e","mult": 2 },{ "coord": [ "1/3,2/3,1/2","2/3,1/3,1/2" ],"desc": "-6..","geom": "point","label": "d","mult": 2 },{ "coord": [ "1/3,2/3,0","2/3,1/3,0" ],"desc": "-6..","geom": "point","label": "c","mult": 2 },{ "coord": [ "0,0,1/2" ],"desc": "-62m","geom": "point","label": "b","mult": 1 },{ "coord": [ "0,0,0" ],"desc": "-62m","geom": "point","label": "a","mult": 1 } ] } } ],"n": 1,"sg": 189 }