{ "its": [ { "gen": [ "x,y,z","-x+1/2,-y,z+1/2","-x,y+1/2,-z+1/2","z,x,y","-x,-y,-z","x+1/2,y+1/2,z+1/2" ],"gp": [ "x,y,z","-x+1/2,-y,z+1/2","-x,y+1/2,-z+1/2","x+1/2,-y+1/2,-z","z,x,y","z+1/2,-x+1/2,-y","-z+1/2,-x,y+1/2","-z,x+1/2,-y+1/2","y,z,x","-y,z+1/2,-x+1/2","y+1/2,-z+1/2,-x","-y+1/2,-z,x+1/2","-x,-y,-z","x+1/2,y,-z+1/2","x,-y+1/2,z+1/2","-x+1/2,y+1/2,z","-z,-x,-y","-z+1/2,x+1/2,y","z+1/2,x,-y+1/2","z,-x+1/2,y+1/2","-y,-z,-x","y,-z+1/2,x+1/2","-y+1/2,z+1/2,x","y+1/2,z,-x+1/2","x+1/2,y+1/2,z+1/2","-x,-y+1/2,z","-x+1/2,y,-z","x,-y,-z+1/2","z+1/2,x+1/2,y+1/2","z,-x,-y+1/2","-z,-x+1/2,y","-z+1/2,x,-y","y+1/2,z+1/2,x+1/2","-y+1/2,z,-x","y,-z,-x+1/2","-y,-z+1/2,x","-x+1/2,-y+1/2,-z+1/2","x,y+1/2,-z","x+1/2,-y,z","-x,y,z+1/2","-z+1/2,-x+1/2,-y+1/2","-z,x,y+1/2","z,x+1/2,-y","z+1/2,-x,y","-y+1/2,-z+1/2,-x+1/2","y+1/2,-z,x","-y,z,x+1/2","y,z+1/2,-x" ],"id": "Ia-3","itaFull": "206","set": 1,"sg": 206,"tm": "a,b,c","u": "I a -3","wpos": { "cent": [ "1/2,1/2,1/2" ],"pos": [ { "desc": "1","geom": "general","label": "e","mult": 48 },{ "coord": [ "x,0,1/4","-x+1/2,0,3/4","1/4,x,0","3/4,-x+1/2,0","0,1/4,x","0,3/4,-x+1/2","-x,0,3/4","x+1/2,0,1/4","3/4,-x,0","1/4,x+1/2,0","0,3/4,-x","0,1/4,x+1/2" ],"desc": "2..","geom": "line","label": "d","mult": 24 },{ "coord": [ "x,x,x","-x+1/2,-x,x+1/2","-x,x+1/2,-x+1/2","x+1/2,-x+1/2,-x","-x,-x,-x","x+1/2,x,-x+1/2","x,-x+1/2,x+1/2","-x+1/2,x+1/2,x" ],"desc": ".3.","geom": "line","label": "c","mult": 16 },{ "coord": [ "1/4,1/4,1/4","1/4,3/4,3/4","3/4,3/4,1/4","3/4,1/4,3/4" ],"desc": ".-3.","geom": "point","label": "b","mult": 8 },{ "coord": [ "0,0,0","1/2,0,1/2","0,1/2,1/2","1/2,1/2,0" ],"desc": ".-3.","geom": "point","label": "a","mult": 8 } ] } } ],"n": 1,"sg": 206 }