{ "its": [ { "gen": [ "x,y,z","-x,y+1/2,-z","-x,-y,-z" ],"gp": [ "x,y,z","-x,y+1/2,-z","-x,-y,-z","x,-y+1/2,z" ],"id": "P121/m1","itaFull": "11:b","set": 1,"sg": 11,"tm": "a,b,c","u": "P 1 21/m 1","wpos": { "pos": [ { "desc": "1","geom": "general","label": "f","mult": 4 },{ "coord": [ "x,1/4,z","-x,3/4,-z" ],"desc": "m","geom": "plane","label": "e","mult": 2 },{ "coord": [ "1/2,0,1/2","1/2,1/2,1/2" ],"desc": "-1","geom": "point","label": "d","mult": 2 },{ "coord": [ "0,0,1/2","0,1/2,1/2" ],"desc": "-1","geom": "point","label": "c","mult": 2 },{ "coord": [ "1/2,0,0","1/2,1/2,0" ],"desc": "-1","geom": "point","label": "b","mult": 2 },{ "coord": [ "0,0,0","0,1/2,0" ],"desc": "-1","geom": "point","label": "a","mult": 2 } ] } },{ "gen": [ "x,y,z","-x,-y,z+1/2","-x,-y,-z" ],"gp": [ "x,y,z","-x,-y,z+1/2","-x,-y,-z","x,y,-z+1/2" ],"id": "P1121/m","itaFull": "11:c","set": 2,"sg": 11,"tm": "c,a,b","u": "P 1 1 21/m","wpos": { "pos": [ { "desc": "1","geom": "general","label": "f","mult": 4 },{ "coord": [ "z,x,1/4","-z,-x,3/4" ],"desc": "m","geom": "plane","label": "e","mult": 2 },{ "coord": [ "1/2,1/2,0","1/2,1/2,1/2" ],"desc": "-1","geom": "point","label": "d","mult": 2 },{ "coord": [ "1/2,0,0","1/2,0,1/2" ],"desc": "-1","geom": "point","label": "c","mult": 2 },{ "coord": [ "0,1/2,0","0,1/2,1/2" ],"desc": "-1","geom": "point","label": "b","mult": 2 },{ "coord": [ "0,0,0","0,0,1/2" ],"desc": "-1","geom": "point","label": "a","mult": 2 } ] } },{ "gen": [ "x,y,z","x+1/2,-y,-z","-x,-y,-z" ],"gp": [ "x,y,z","x+1/2,-y,-z","-x,-y,-z","-x+1/2,y,z" ],"id": "P21/m11","itaFull": "11:a","set": 3,"sg": 11,"tm": "b,c,a","u": "P 21/m 1 1","wpos": { "pos": [ { "desc": "1","geom": "general","label": "f","mult": 4 },{ "coord": [ "1/4,z,x","3/4,-z,-x" ],"desc": "m","geom": "plane","label": "e","mult": 2 },{ "coord": [ "0,1/2,1/2","1/2,1/2,1/2" ],"desc": "-1","geom": "point","label": "d","mult": 2 },{ "coord": [ "0,1/2,0","1/2,1/2,0" ],"desc": "-1","geom": "point","label": "c","mult": 2 },{ "coord": [ "0,0,1/2","1/2,0,1/2" ],"desc": "-1","geom": "point","label": "b","mult": 2 },{ "coord": [ "0,0,0","1/2,0,0" ],"desc": "-1","geom": "point","label": "a","mult": 2 } ] } } ],"n": 3,"sg": 11 }