{ "its": [ { "gen": [ "x,y,z","-x,-y,z","x,-y,z","x+1/2,y+1/2,z" ],"gp": [ "x,y,z","-x,-y,z","x,-y,z","-x,y,z","x+1/2,y+1/2,z","-x+1/2,-y+1/2,z","x+1/2,-y+1/2,z","-x+1/2,y+1/2,z" ],"id": "Cmm2","itaFull": "35","set": 1,"sg": 35,"tm": "a,b,c","u": "C m m 2","wpos": { "cent": [ "1/2,1/2,0" ],"pos": [ { "desc": "1","geom": "general","label": "f","mult": 8 },{ "coord": [ "0,y,z","0,-y,z" ],"desc": "m..","geom": "plane","label": "e","mult": 4 },{ "coord": [ "x,0,z","-x,0,z" ],"desc": ".m.","geom": "plane","label": "d","mult": 4 },{ "coord": [ "1/4,1/4,z","1/4,3/4,z" ],"desc": "..2","geom": "line","label": "c","mult": 4 },{ "coord": [ "0,1/2,z" ],"desc": "mm2","geom": "line","label": "b","mult": 2 },{ "coord": [ "0,0,z" ],"desc": "mm2","geom": "line","label": "a","mult": 2 } ] } },{ "gen": [ "x,y,z","x,-y,-z","x,y,-z","x,y+1/2,z+1/2" ],"gp": [ "x,y,z","x,-y,-z","x,y,-z","x,-y,z","x,y+1/2,z+1/2","x,-y+1/2,-z+1/2","x,y+1/2,-z+1/2","x,-y+1/2,z+1/2" ],"id": "A2mm","itaFull": "35:cab","set": 2,"sg": 35,"tm": "c,a,b","u": "A 2 m m","wpos": { "cent": [ "0,1/2,1/2" ],"pos": [ { "desc": "1","geom": "general","label": "f","mult": 8 },{ "coord": [ "z,0,y","z,0,-y" ],"desc": "m..","geom": "plane","label": "e","mult": 4 },{ "coord": [ "z,x,0","z,-x,0" ],"desc": ".m.","geom": "plane","label": "d","mult": 4 },{ "coord": [ "z,1/4,1/4","z,1/4,3/4" ],"desc": "..2","geom": "line","label": "c","mult": 4 },{ "coord": [ "z,0,1/2" ],"desc": "mm2","geom": "line","label": "b","mult": 2 },{ "coord": [ "z,0,0" ],"desc": "mm2","geom": "line","label": "a","mult": 2 } ] } },{ "gen": [ "x,y,z","-x,y,-z","-x,y,z","x+1/2,y,z+1/2" ],"gp": [ "x,y,z","-x,y,-z","-x,y,z","x,y,-z","x+1/2,y,z+1/2","-x+1/2,y,-z+1/2","-x+1/2,y,z+1/2","x+1/2,y,-z+1/2" ],"id": "Bm2m","itaFull": "35:bca","set": 3,"sg": 35,"tm": "b,c,a","u": "B m 2 m","wpos": { "cent": [ "1/2,0,1/2" ],"pos": [ { "desc": "1","geom": "general","label": "f","mult": 8 },{ "coord": [ "y,z,0","-y,z,0" ],"desc": "m..","geom": "plane","label": "e","mult": 4 },{ "coord": [ "0,z,x","0,z,-x" ],"desc": ".m.","geom": "plane","label": "d","mult": 4 },{ "coord": [ "1/4,z,1/4","3/4,z,1/4" ],"desc": "..2","geom": "line","label": "c","mult": 4 },{ "coord": [ "1/2,z,0" ],"desc": "mm2","geom": "line","label": "b","mult": 2 },{ "coord": [ "0,z,0" ],"desc": "mm2","geom": "line","label": "a","mult": 2 } ] } } ],"n": 3,"sg": 35 }