{ "its": [ { "gen": [ "x,y,z","-x+1/2,-y+1/2,z","-x+1/2,y,-z+1/2","z,x,y","-x,-y,-z" ],"gp": [ "x,y,z","-x+1/2,-y+1/2,z","-x+1/2,y,-z+1/2","x,-y+1/2,-z+1/2","z,x,y","z,-x+1/2,-y+1/2","-z+1/2,-x+1/2,y","-z+1/2,x,-y+1/2","y,z,x","-y+1/2,z,-x+1/2","y,-z+1/2,-x+1/2","-y+1/2,-z+1/2,x","-x,-y,-z","x+1/2,y+1/2,-z","x+1/2,-y,z+1/2","-x,y+1/2,z+1/2","-z,-x,-y","-z,x+1/2,y+1/2","z+1/2,x+1/2,-y","z+1/2,-x,y+1/2","-y,-z,-x","y+1/2,-z,x+1/2","-y,z+1/2,x+1/2","y+1/2,z+1/2,-x" ],"id": "Pn-3","itaFull": "201:2","set": 1,"sg": 201,"tm": "a,b,c","u": "P n -3  [origin 2]","wpos": { "pos": [ { "desc": "1","geom": "general","label": "h","mult": 24 },{ "coord": [ "x,3/4,1/4","-x+1/2,3/4,1/4","1/4,x,3/4","1/4,-x+1/2,3/4","3/4,1/4,x","3/4,1/4,-x+1/2","-x,1/4,3/4","x+1/2,1/4,3/4","3/4,-x,1/4","3/4,x+1/2,1/4","1/4,3/4,-x","1/4,3/4,x+1/2" ],"desc": "2..","geom": "line","label": "g","mult": 12 },{ "coord": [ "x,1/4,1/4","-x+1/2,1/4,1/4","1/4,x,1/4","1/4,-x+1/2,1/4","1/4,1/4,x","1/4,1/4,-x+1/2","-x,3/4,3/4","x+1/2,3/4,3/4","3/4,-x,3/4","3/4,x+1/2,3/4","3/4,3/4,-x","3/4,3/4,x+1/2" ],"desc": "2..","geom": "line","label": "f","mult": 12 },{ "coord": [ "x,x,x","-x+1/2,-x+1/2,x","-x+1/2,x,-x+1/2","x,-x+1/2,-x+1/2","-x,-x,-x","x+1/2,x+1/2,-x","x+1/2,-x,x+1/2","-x,x+1/2,x+1/2" ],"desc": ".3.","geom": "line","label": "e","mult": 8 },{ "coord": [ "1/4,3/4,3/4","3/4,1/4,3/4","3/4,3/4,1/4","3/4,1/4,1/4","1/4,3/4,1/4","1/4,1/4,3/4" ],"desc": "222 . .","geom": "point","label": "d","mult": 6 },{ "coord": [ "1/2,1/2,1/2","0,0,1/2","0,1/2,0","1/2,0,0" ],"desc": ".-3.","geom": "point","label": "c","mult": 4 },{ "coord": [ "0,0,0","1/2,1/2,0","1/2,0,1/2","0,1/2,1/2" ],"desc": ".-3.","geom": "point","label": "b","mult": 4 },{ "coord": [ "1/4,1/4,1/4","3/4,3/4,3/4" ],"desc": "23.","geom": "point","label": "a","mult": 2 } ] } },{ "gen": [ "x,y,z","-x+1,-y+1,z","-x+1,y,-z+1","z,x,y","-x+1/2,-y+1/2,-z+1/2" ],"gp": [ "x,y,z","z,x,y","y,z,x","-x+1/2,-y+1/2,-z+1/2","x+1/2,y+1/2,-z+1/2","x+1/2,-y+1/2,z+1/2","-x+1/2,y+1/2,z+1/2","-z+1/2,-x+1/2,-y+1/2","-z+1/2,x+1/2,y+1/2","z+1/2,x+1/2,-y+1/2","z+1/2,-x+1/2,y+1/2","-y+1/2,-z+1/2,-x+1/2","y+1/2,-z+1/2,x+1/2","-y+1/2,z+1/2,x+1/2","y+1/2,z+1/2,-x+1/2" ],"id": "Pn-3:1","itaFull": "ita?.","set": 2,"sg": 201,"tm": "a-1/4,b-1/4,c-1/4","u": "P n -3 :1","wpos": { "pos": [ { "desc": "1","geom": "general","label": "h","mult": 24 },{ "coord": [ "x+1/4,0,1/2","-x+3/4,0,1/2","1/2,x+1/4,0","1/2,-x+3/4,0","0,1/2,x+1/4","0,1/2,-x+3/4","-x+1/4,1/2,0","x+3/4,1/2,0","0,-x+1/4,1/2","0,x+3/4,1/2","1/2,0,-x+1/4","1/2,0,x+3/4" ],"desc": "2..","geom": "line","label": "g","mult": 12 },{ "coord": [ "x+1/4,1/2,1/2","-x+3/4,1/2,1/2","1/2,x+1/4,1/2","1/2,-x+3/4,1/2","1/2,1/2,x+1/4","1/2,1/2,-x+3/4","-x+1/4,0,0","x+3/4,0,0","0,-x+1/4,0","0,x+3/4,0","0,0,-x+1/4","0,0,x+3/4" ],"desc": "2..","geom": "line","label": "f","mult": 12 },{ "coord": [ "x+1/4,x+1/4,x+1/4","-x+3/4,-x+3/4,x+1/4","-x+3/4,x+1/4,-x+3/4","x+1/4,-x+3/4,-x+3/4","-x+1/4,-x+1/4,-x+1/4","x+3/4,x+3/4,-x+1/4","x+3/4,-x+1/4,x+3/4","-x+1/4,x+3/4,x+3/4" ],"desc": ".3.","geom": "line","label": "e","mult": 8 },{ "coord": [ "1/2,0,0","0,1/2,0","0,0,1/2","0,1/2,1/2","1/2,0,1/2","1/2,1/2,0" ],"desc": "222 . .","geom": "point","label": "d","mult": 6 },{ "coord": [ "3/4,3/4,3/4","1/4,1/4,3/4","1/4,3/4,1/4","3/4,1/4,1/4" ],"desc": ".-3.","geom": "point","label": "c","mult": 4 },{ "coord": [ "1/4,1/4,1/4","3/4,3/4,1/4","3/4,1/4,3/4","1/4,3/4,3/4" ],"desc": ".-3.","geom": "point","label": "b","mult": 4 },{ "coord": [ "1/2,1/2,1/2","0,0,0" ],"desc": "23.","geom": "point","label": "a","mult": 2 } ] } } ],"n": 2,"sg": 201 }