{ "its": [ { "gen": [ "x,y,z","-x,-y,z","-y,x,z","x,-y,z+1/2" ],"gp": [ "x,y,z","-x,-y,z","-y,x,z","y,-x,z","x,-y,z+1/2","-x,y,z+1/2","-y,-x,z+1/2","y,x,z+1/2" ],"id": "P4cc","itaFull": "103","set": 1,"sg": 103,"tm": "a,b,c","u": "P 4 c c","wpos": { "pos": [ { "desc": "1","geom": "general","label": "d","mult": 8 },{ "coord": [ "0,1/2,z","1/2,0,z","0,1/2,z+1/2","1/2,0,z+1/2" ],"desc": "2..","geom": "line","label": "c","mult": 4 },{ "coord": [ "1/2,1/2,z","1/2,1/2,z+1/2" ],"desc": "4..","geom": "line","label": "b","mult": 2 },{ "coord": [ "0,0,z","0,0,z+1/2" ],"desc": "4..","geom": "line","label": "a","mult": 2 } ] } },{ "gen": [ "x,y,z","-x,-y,z","-y,x,z","y,x,z+1/2","x+1/2,y+1/2,z","-x+1/2,-y+1/2,z","-y+1/2,x+1/2,z","y+1/2,x+1/2,z+1/2" ],"gp": [ "x,y,z","-x,-y,z","-y,x,z","y,-x,z","y,x,z+1/2","-y,-x,z+1/2","x,-y,z+1/2","-x,y,z+1/2","x+1/2,y+1/2,z","-x+1/2,-y+1/2,z","-y+1/2,x+1/2,z","y+1/2,-x+1/2,z","y+1/2,x+1/2,z+1/2","-y+1/2,-x+1/2,z+1/2","x+1/2,-y+1/2,z+1/2","-x+1/2,y+1/2,z+1/2" ],"id": "C4cc","itaFull": "ita?.","set": 2,"sg": 103,"tm": "a-b,a+b,c","u": "C 4 c c","wpos": { "pos": [ { "desc": "1","geom": "general","label": "d","mult": 8 },{ "coord": [ "3/4,1/4,z","1/4,1/4,z","3/4,1/4,z+1/2","1/4,1/4,z+1/2" ],"desc": "2..","geom": "line","label": "c","mult": 4 },{ "coord": [ "0,1/2,z","0,1/2,z+1/2" ],"desc": "4..","geom": "line","label": "b","mult": 2 },{ "coord": [ "0,0,z","0,0,z+1/2" ],"desc": "4..","geom": "line","label": "a","mult": 2 } ] } } ],"n": 2,"sg": 103 }