{ "its": [ { "gen": [ "x,y,z","-x,-y,z","-y,x,z","-x+1/2,y+1/2,-z","-x,-y,-z" ],"gp": [ "x,y,z","-x,-y,z","-y,x,z","y,-x,z","-x+1/2,y+1/2,-z","x+1/2,-y+1/2,-z","y+1/2,x+1/2,-z","-y+1/2,-x+1/2,-z","-x,-y,-z","x,y,-z","y,-x,-z","-y,x,-z","x+1/2,-y+1/2,z","-x+1/2,y+1/2,z","-y+1/2,-x+1/2,z","y+1/2,x+1/2,z" ],"id": "P4/mbm","itaFull": "127","set": 1,"sg": 127,"tm": "a,b,c","u": "P 4/m b m","wpos": { "pos": [ { "desc": "1","geom": "general","label": "l","mult": 16 },{ "coord": [ "x,x+1/2,z","-x,-x+1/2,z","-x+1/2,x,z","x+1/2,-x,z","-x+1/2,x,-z","x+1/2,-x,-z","x,x+1/2,-z","-x,-x+1/2,-z" ],"desc": "..m","geom": "plane","label": "k","mult": 8 },{ "coord": [ "x,y,1/2","-x,-y,1/2","-y,x,1/2","y,-x,1/2","-x+1/2,y+1/2,1/2","x+1/2,-y+1/2,1/2","y+1/2,x+1/2,1/2","-y+1/2,-x+1/2,1/2" ],"desc": "m..","geom": "plane","label": "j","mult": 8 },{ "coord": [ "x,y,0","-x,-y,0","-y,x,0","y,-x,0","-x+1/2,y+1/2,0","x+1/2,-y+1/2,0","y+1/2,x+1/2,0","-y+1/2,-x+1/2,0" ],"desc": "m..","geom": "plane","label": "i","mult": 8 },{ "coord": [ "x,x+1/2,1/2","-x,-x+1/2,1/2","-x+1/2,x,1/2","x+1/2,-x,1/2" ],"desc": "m.2 m","geom": "line","label": "h","mult": 4 },{ "coord": [ "x,x+1/2,0","-x,-x+1/2,0","-x+1/2,x,0","x+1/2,-x,0" ],"desc": "m.2 m","geom": "line","label": "g","mult": 4 },{ "coord": [ "0,1/2,z","1/2,0,z","1/2,0,-z","0,1/2,-z" ],"desc": "2.m m","geom": "line","label": "f","mult": 4 },{ "coord": [ "0,0,z","1/2,1/2,-z","0,0,-z","1/2,1/2,z" ],"desc": "4..","geom": "line","label": "e","mult": 4 },{ "coord": [ "0,1/2,0","1/2,0,0" ],"desc": "m.m m","geom": "point","label": "d","mult": 2 },{ "coord": [ "0,1/2,1/2","1/2,0,1/2" ],"desc": "m.m m","geom": "point","label": "c","mult": 2 },{ "coord": [ "0,0,1/2","1/2,1/2,1/2" ],"desc": "4/m..","geom": "point","label": "b","mult": 2 },{ "coord": [ "0,0,0","1/2,1/2,0" ],"desc": "4/m..","geom": "point","label": "a","mult": 2 } ] } },{ "gen": [ "x,y,z","-x,-y,z","-y,x,z","-y,-x+1/2,-z","-x,-y,-z","x+1/2,y+1/2,z","-x+1/2,-y+1/2,z","-y+1/2,x+1/2,z","-y+1/2,-x+1,-z","-x+1/2,-y+1/2,-z" ],"gp": [ "x,y,z","-x,-y,z","-y,x,z","y,-x,z","-y,-x+1/2,-z","y,x+1/2,-z","-x,y+1/2,-z","x,-y+1/2,-z","-x,-y,-z","x,y,-z","y,-x,-z","-y,x,-z","y,x+1/2,z","-y,-x+1/2,z","x,-y+1/2,z","-x,y+1/2,z","x+1/2,y+1/2,z","-x+1/2,-y+1/2,z","-y+1/2,x+1/2,z","y+1/2,-x+1/2,z","-x+1/2,-y+1/2,-z","x+1/2,y+1/2,-z","y+1/2,-x+1/2,-z","-y+1/2,x+1/2,-z" ],"id": "C4/mmg1","itaFull": "ita?.","set": 2,"sg": 127,"tm": "a-b,a+b,c","u": "C 4/m m g1","wpos": { "pos": [ { "desc": "1","geom": "general","label": "l","mult": 16 },{ "coord": [ "3/4,x+1/4,z","3/4,-x+1/4,z","-x+1/4,1/4,z","x+1/4,1/4,z","-x+1/4,1/4,-z","x+1/4,1/4,-z","3/4,x+1/4,-z","3/4,-x+1/4,-z" ],"desc": "..m","geom": "plane","label": "k","mult": 8 },{ "coord": [ "1/2x-1/2y,1/2x+1/2y,1/2","-1/2x+1/2y,-1/2x-1/2y,1/2","-1/2x-1/2y,1/2x-1/2y,1/2","1/2x+1/2y,-1/2x+1/2y,1/2","-1/2x-1/2y,-1/2x+1/2y+1/2,1/2","1/2x+1/2y,1/2x-1/2y+1/2,1/2","-1/2x+1/2y,1/2x+1/2y+1/2,1/2","1/2x-1/2y,-1/2x-1/2y+1/2,1/2" ],"desc": "m..","geom": "plane","label": "j","mult": 8 },{ "coord": [ "1/2x-1/2y,1/2x+1/2y,0","-1/2x+1/2y,-1/2x-1/2y,0","-1/2x-1/2y,1/2x-1/2y,0","1/2x+1/2y,-1/2x+1/2y,0","-1/2x-1/2y,-1/2x+1/2y+1/2,0","1/2x+1/2y,1/2x-1/2y+1/2,0","-1/2x+1/2y,1/2x+1/2y+1/2,0","1/2x-1/2y,-1/2x-1/2y+1/2,0" ],"desc": "m..","geom": "plane","label": "i","mult": 8 },{ "coord": [ "3/4,x+1/4,1/2","3/4,-x+1/4,1/2","-x+1/4,1/4,1/2","x+1/4,1/4,1/2" ],"desc": "m.2 m","geom": "line","label": "h","mult": 4 },{ "coord": [ "3/4,x+1/4,0","3/4,-x+1/4,0","-x+1/4,1/4,0","x+1/4,1/4,0" ],"desc": "m.2 m","geom": "line","label": "g","mult": 4 },{ "coord": [ "3/4,1/4,z","1/4,1/4,z","1/4,1/4,-z","3/4,1/4,-z" ],"desc": "2.m m","geom": "line","label": "f","mult": 4 },{ "coord": [ "0,0,z","0,1/2,-z","0,0,-z","0,1/2,z" ],"desc": "4..","geom": "line","label": "e","mult": 4 },{ "coord": [ "3/4,1/4,0","1/4,1/4,0" ],"desc": "m.m m","geom": "point","label": "d","mult": 2 },{ "coord": [ "3/4,1/4,1/2","1/4,1/4,1/2" ],"desc": "m.m m","geom": "point","label": "c","mult": 2 },{ "coord": [ "0,0,1/2","0,1/2,1/2" ],"desc": "4/m..","geom": "point","label": "b","mult": 2 },{ "coord": [ "0,0,0","0,1/2,0" ],"desc": "4/m..","geom": "point","label": "a","mult": 2 } ] } } ],"n": 2,"sg": 127 }