{ "its": [ { "gen": [ "x,y,z","-x,-y,z","x,-y,z","x,y+1/2,z+1/2" ],"gp": [ "x,y,z","-x,-y,z","x,-y,z","-x,y,z","x,y+1/2,z+1/2","-x,-y+1/2,z+1/2","x,-y+1/2,z+1/2","-x,y+1/2,z+1/2" ],"id": "Amm2","itaFull": "38","set": 1,"sg": 38,"tm": "a,b,c","u": "A m m 2","wpos": { "cent": [ "0,1/2,1/2" ],"pos": [ { "desc": "1","geom": "general","label": "f","mult": 8 },{ "coord": [ "1/2,y,z","1/2,-y,z" ],"desc": "m..","geom": "plane","label": "e","mult": 4 },{ "coord": [ "0,y,z","0,-y,z" ],"desc": "m..","geom": "plane","label": "d","mult": 4 },{ "coord": [ "x,0,z","-x,0,z" ],"desc": ".m.","geom": "plane","label": "c","mult": 4 },{ "coord": [ "1/2,0,z" ],"desc": "mm2","geom": "line","label": "b","mult": 2 },{ "coord": [ "0,0,z" ],"desc": "mm2","geom": "line","label": "a","mult": 2 } ] } },{ "gen": [ "x,y,z","-x,-y,z","-x,y,z","x+1/2,y,z-1/2" ],"gp": [ "x,y,z","-x,-y,z","-x,y,z","x,-y,z","x+1/2,y,z-1/2","-x+1/2,-y,z-1/2","-x+1/2,y,z-1/2","x+1/2,-y,z-1/2" ],"id": "Bmm2","itaFull": "38:ba-c","set": 2,"sg": 38,"tm": "b,a,-c","u": "B m m 2","wpos": { "cent": [ "1/2,0,1/2" ],"pos": [ { "desc": "1","geom": "general","label": "f","mult": 8 },{ "coord": [ "y,1/2,-z","-y,1/2,-z" ],"desc": "m..","geom": "plane","label": "e","mult": 4 },{ "coord": [ "y,0,-z","-y,0,-z" ],"desc": "m..","geom": "plane","label": "d","mult": 4 },{ "coord": [ "0,x,-z","0,-x,-z" ],"desc": ".m.","geom": "plane","label": "c","mult": 4 },{ "coord": [ "0,1/2,-z" ],"desc": "mm2","geom": "line","label": "b","mult": 2 },{ "coord": [ "0,0,-z" ],"desc": "mm2","geom": "line","label": "a","mult": 2 } ] } },{ "gen": [ "x,y,z","x,-y,-z","x,y,-z","x+1/2,y,z+1/2" ],"gp": [ "x,y,z","x,-y,-z","x,y,-z","x,-y,z","x+1/2,y,z+1/2","x+1/2,-y,-z+1/2","x+1/2,y,-z+1/2","x+1/2,-y,z+1/2" ],"id": "B2mm","itaFull": "38:cab","set": 3,"sg": 38,"tm": "c,a,b","u": "B 2 m m","wpos": { "cent": [ "1/2,0,1/2" ],"pos": [ { "desc": "1","geom": "general","label": "f","mult": 8 },{ "coord": [ "z,1/2,y","z,1/2,-y" ],"desc": "m..","geom": "plane","label": "e","mult": 4 },{ "coord": [ "z,0,y","z,0,-y" ],"desc": "m..","geom": "plane","label": "d","mult": 4 },{ "coord": [ "z,x,0","z,-x,0" ],"desc": ".m.","geom": "plane","label": "c","mult": 4 },{ "coord": [ "z,1/2,0" ],"desc": "mm2","geom": "line","label": "b","mult": 2 },{ "coord": [ "z,0,0" ],"desc": "mm2","geom": "line","label": "a","mult": 2 } ] } },{ "gen": [ "x,y,z","x,-y,-z","x,-y,z","x-1/2,y+1/2,z" ],"gp": [ "x,y,z","x,-y,-z","x,-y,z","x,y,-z","x-1/2,y+1/2,z","x-1/2,-y+1/2,-z","x-1/2,-y+1/2,z","x-1/2,y+1/2,-z" ],"id": "C2mm","itaFull": "38:-cba","set": 4,"sg": 38,"tm": "-c,b,a","u": "C 2 m m","wpos": { "cent": [ "1/2,1/2,0" ],"pos": [ { "desc": "1","geom": "general","label": "f","mult": 8 },{ "coord": [ "-z,y,1/2","-z,-y,1/2" ],"desc": "m..","geom": "plane","label": "e","mult": 4 },{ "coord": [ "-z,y,0","-z,-y,0" ],"desc": "m..","geom": "plane","label": "d","mult": 4 },{ "coord": [ "-z,0,x","-z,0,-x" ],"desc": ".m.","geom": "plane","label": "c","mult": 4 },{ "coord": [ "-z,0,1/2" ],"desc": "mm2","geom": "line","label": "b","mult": 2 },{ "coord": [ "-z,0,0" ],"desc": "mm2","geom": "line","label": "a","mult": 2 } ] } },{ "gen": [ "x,y,z","-x,y,-z","-x,y,z","x+1/2,y+1/2,z" ],"gp": [ "x,y,z","-x,y,-z","-x,y,z","x,y,-z","x+1/2,y+1/2,z","-x+1/2,y+1/2,-z","-x+1/2,y+1/2,z","x+1/2,y+1/2,-z" ],"id": "Cm2m","itaFull": "38:bca","set": 5,"sg": 38,"tm": "b,c,a","u": "C m 2 m","wpos": { "cent": [ "1/2,1/2,0" ],"pos": [ { "desc": "1","geom": "general","label": "f","mult": 8 },{ "coord": [ "y,z,1/2","-y,z,1/2" ],"desc": "m..","geom": "plane","label": "e","mult": 4 },{ "coord": [ "y,z,0","-y,z,0" ],"desc": "m..","geom": "plane","label": "d","mult": 4 },{ "coord": [ "0,z,x","0,z,-x" ],"desc": ".m.","geom": "plane","label": "c","mult": 4 },{ "coord": [ "0,z,1/2" ],"desc": "mm2","geom": "line","label": "b","mult": 2 },{ "coord": [ "0,z,0" ],"desc": "mm2","geom": "line","label": "a","mult": 2 } ] } },{ "gen": [ "x,y,z","-x,y,-z","x,y,-z","x,y-1/2,z+1/2" ],"gp": [ "x,y,z","-x,y,-z","x,y,-z","-x,y,z","x,y-1/2,z+1/2","-x,y-1/2,-z+1/2","x,y-1/2,-z+1/2","-x,y-1/2,z+1/2" ],"id": "Am2m","itaFull": "38:a-cb","set": 6,"sg": 38,"tm": "a,-c,b","u": "A m 2 m","wpos": { "cent": [ "0,1/2,1/2" ],"pos": [ { "desc": "1","geom": "general","label": "f","mult": 8 },{ "coord": [ "1/2,-z,y","1/2,-z,-y" ],"desc": "m..","geom": "plane","label": "e","mult": 4 },{ "coord": [ "0,-z,y","0,-z,-y" ],"desc": "m..","geom": "plane","label": "d","mult": 4 },{ "coord": [ "x,-z,0","-x,-z,0" ],"desc": ".m.","geom": "plane","label": "c","mult": 4 },{ "coord": [ "1/2,-z,0" ],"desc": "mm2","geom": "line","label": "b","mult": 2 },{ "coord": [ "0,-z,0" ],"desc": "mm2","geom": "line","label": "a","mult": 2 } ] } } ],"n": 6,"sg": 38 }