{ "its": [ { "gen": [ "x,y,z","-x,-y,z+1/2","x,-y,z+1/2","x+1/2,y+1/2,z" ],"gp": [ "x,y,z","-x,-y,z+1/2","x,-y,z+1/2","-x,y,z","x+1/2,y+1/2,z","-x+1/2,-y+1/2,z+1/2","x+1/2,-y+1/2,z+1/2","-x+1/2,y+1/2,z" ],"id": "Cmc21","itaFull": "36","set": 1,"sg": 36,"tm": "a,b,c","u": "C m c 21","wpos": { "cent": [ "1/2,1/2,0" ],"pos": [ { "desc": "1","geom": "general","label": "b","mult": 8 },{ "coord": [ "0,y,z","0,-y,z+1/2" ],"desc": "m..","geom": "plane","label": "a","mult": 4 } ] } },{ "gen": [ "x,y,z","-x,-y,z-1/2","-x,y,z-1/2","x+1/2,y+1/2,z" ],"gp": [ "x,y,z","-x,-y,z-1/2","-x,y,z-1/2","x,-y,z","x+1/2,y+1/2,z","-x+1/2,-y+1/2,z-1/2","-x+1/2,y+1/2,z-1/2","x+1/2,-y+1/2,z" ],"id": "Ccm21","itaFull": "36:ba-c","set": 2,"sg": 36,"tm": "b,a,-c","u": "C c m 21","wpos": { "cent": [ "1/2,1/2,0" ],"pos": [ { "desc": "1","geom": "general","label": "b","mult": 8 },{ "coord": [ "y,0,-z","-y,0,-z+1/2" ],"desc": "m..","geom": "plane","label": "a","mult": 4 } ] } },{ "gen": [ "x,y,z","x+1/2,-y,-z","x+1/2,y,-z","x,y+1/2,z+1/2" ],"gp": [ "x,y,z","x+1/2,-y,-z","x+1/2,y,-z","x,-y,z","x,y+1/2,z+1/2","x+1/2,-y+1/2,-z+1/2","x+1/2,y+1/2,-z+1/2","x,-y+1/2,z+1/2" ],"id": "A21ma","itaFull": "36:cab","set": 3,"sg": 36,"tm": "c,a,b","u": "A 21 m a","wpos": { "cent": [ "0,1/2,1/2" ],"pos": [ { "desc": "1","geom": "general","label": "b","mult": 8 },{ "coord": [ "z,0,y","z+1/2,0,-y" ],"desc": "m..","geom": "plane","label": "a","mult": 4 } ] } },{ "gen": [ "x,y,z","x-1/2,-y,-z","x-1/2,-y,z","x,y+1/2,z+1/2" ],"gp": [ "x,y,z","x-1/2,-y,-z","x-1/2,-y,z","x,y,-z","x,y+1/2,z+1/2","x-1/2,-y+1/2,-z+1/2","x-1/2,-y+1/2,z+1/2","x,y+1/2,-z+1/2" ],"id": "A21am","itaFull": "36:-cba","set": 4,"sg": 36,"tm": "-c,b,a","u": "A 21 a m","wpos": { "cent": [ "0,1/2,1/2" ],"pos": [ { "desc": "1","geom": "general","label": "b","mult": 8 },{ "coord": [ "-z,y,0","-z+1/2,-y,0" ],"desc": "m..","geom": "plane","label": "a","mult": 4 } ] } },{ "gen": [ "x,y,z","-x,y+1/2,-z","-x,y+1/2,z","x+1/2,y,z+1/2" ],"gp": [ "x,y,z","-x,y+1/2,-z","-x,y+1/2,z","x,y,-z","x+1/2,y,z+1/2","-x+1/2,y+1/2,-z+1/2","-x+1/2,y+1/2,z+1/2","x+1/2,y,-z+1/2" ],"id": "Bb21m","itaFull": "36:bca","set": 5,"sg": 36,"tm": "b,c,a","u": "B b 21 m","wpos": { "cent": [ "1/2,0,1/2" ],"pos": [ { "desc": "1","geom": "general","label": "b","mult": 8 },{ "coord": [ "y,z,0","-y,z+1/2,0" ],"desc": "m..","geom": "plane","label": "a","mult": 4 } ] } },{ "gen": [ "x,y,z","-x,y-1/2,-z","x,y-1/2,-z","x+1/2,y,z+1/2" ],"gp": [ "x,y,z","-x,y-1/2,-z","x,y-1/2,-z","-x,y,z","x+1/2,y,z+1/2","-x+1/2,y-1/2,-z+1/2","x+1/2,y-1/2,-z+1/2","-x+1/2,y,z+1/2" ],"id": "Bm21b","itaFull": "36:a-cb","set": 6,"sg": 36,"tm": "a,-c,b","u": "B m 21 b","wpos": { "cent": [ "1/2,0,1/2" ],"pos": [ { "desc": "1","geom": "general","label": "b","mult": 8 },{ "coord": [ "0,-z,y","0,-z+1/2,-y" ],"desc": "m..","geom": "plane","label": "a","mult": 4 } ] } } ],"n": 6,"sg": 36 }