{ "its": [ { "gen": [ "x,y,z","-x,-y,z","x,-y,z+1/2","x+1/2,y+1/2,z" ],"gp": [ "x,y,z","-x,-y,z","x,-y,z+1/2","-x,y,z+1/2","x+1/2,y+1/2,z","-x+1/2,-y+1/2,z","x+1/2,-y+1/2,z+1/2","-x+1/2,y+1/2,z+1/2" ],"id": "Ccc2","itaFull": "37","set": 1,"sg": 37,"tm": "a,b,c","u": "C c c 2","wpos": { "cent": [ "1/2,1/2,0" ],"pos": [ { "desc": "1","geom": "general","label": "d","mult": 8 },{ "coord": [ "1/4,1/4,z","1/4,3/4,z+1/2" ],"desc": "..2","geom": "line","label": "c","mult": 4 },{ "coord": [ "0,1/2,z","0,1/2,z+1/2" ],"desc": "..2","geom": "line","label": "b","mult": 4 },{ "coord": [ "0,0,z","0,0,z+1/2" ],"desc": "..2","geom": "line","label": "a","mult": 4 } ] } },{ "gen": [ "x,y,z","x,-y,-z","x+1/2,y,-z","x,y+1/2,z+1/2" ],"gp": [ "x,y,z","x,-y,-z","x+1/2,y,-z","x+1/2,-y,z","x,y+1/2,z+1/2","x,-y+1/2,-z+1/2","x+1/2,y+1/2,-z+1/2","x+1/2,-y+1/2,z+1/2" ],"id": "A2aa","itaFull": "37:cab","set": 2,"sg": 37,"tm": "c,a,b","u": "A 2 a a","wpos": { "cent": [ "0,1/2,1/2" ],"pos": [ { "desc": "1","geom": "general","label": "d","mult": 8 },{ "coord": [ "z,1/4,1/4","z+1/2,1/4,3/4" ],"desc": "..2","geom": "line","label": "c","mult": 4 },{ "coord": [ "z,0,1/2","z+1/2,0,1/2" ],"desc": "..2","geom": "line","label": "b","mult": 4 },{ "coord": [ "z,0,0","z+1/2,0,0" ],"desc": "..2","geom": "line","label": "a","mult": 4 } ] } },{ "gen": [ "x,y,z","-x,y,-z","-x,y+1/2,z","x+1/2,y,z+1/2" ],"gp": [ "x,y,z","-x,y,-z","-x,y+1/2,z","x,y+1/2,-z","x+1/2,y,z+1/2","-x+1/2,y,-z+1/2","-x+1/2,y+1/2,z+1/2","x+1/2,y+1/2,-z+1/2" ],"id": "Bb2b","itaFull": "37:bca","set": 3,"sg": 37,"tm": "b,c,a","u": "B b 2 b","wpos": { "cent": [ "1/2,0,1/2" ],"pos": [ { "desc": "1","geom": "general","label": "d","mult": 8 },{ "coord": [ "1/4,z,1/4","3/4,z+1/2,1/4" ],"desc": "..2","geom": "line","label": "c","mult": 4 },{ "coord": [ "1/2,z,0","1/2,z+1/2,0" ],"desc": "..2","geom": "line","label": "b","mult": 4 },{ "coord": [ "0,z,0","0,z+1/2,0" ],"desc": "..2","geom": "line","label": "a","mult": 4 } ] } } ],"n": 3,"sg": 37 }