{ "its": [ { "gen": [ "x,y,z","-x,-y,z+1/2","x,-y,z+1/2" ],"gp": [ "x,y,z","-x,-y,z+1/2","x,-y,z+1/2","-x,y,z" ],"id": "Pmc21","itaFull": "26","set": 1,"sg": 26,"tm": "a,b,c","u": "P m c 21","wpos": { "pos": [ { "desc": "1","geom": "general","label": "c","mult": 4 },{ "coord": [ "1/2,y,z","1/2,-y,z+1/2" ],"desc": "m..","geom": "plane","label": "b","mult": 2 },{ "coord": [ "0,y,z","0,-y,z+1/2" ],"desc": "m..","geom": "plane","label": "a","mult": 2 } ] } },{ "gen": [ "x,y,z","-x,-y,z-1/2","-x,y,z-1/2" ],"gp": [ "x,y,z","-x,-y,z-1/2","-x,y,z-1/2","x,-y,z" ],"id": "Pcm21","itaFull": "26:ba-c","set": 2,"sg": 26,"tm": "b,a,-c","u": "P c m 21","wpos": { "pos": [ { "desc": "1","geom": "general","label": "c","mult": 4 },{ "coord": [ "y,1/2,-z","-y,1/2,-z+1/2" ],"desc": "m..","geom": "plane","label": "b","mult": 2 },{ "coord": [ "y,0,-z","-y,0,-z+1/2" ],"desc": "m..","geom": "plane","label": "a","mult": 2 } ] } },{ "gen": [ "x,y,z","x+1/2,-y,-z","x+1/2,y,-z" ],"gp": [ "x,y,z","x+1/2,-y,-z","x+1/2,y,-z","x,-y,z" ],"id": "P21ma","itaFull": "26:cab","set": 3,"sg": 26,"tm": "c,a,b","u": "P 21 m a","wpos": { "pos": [ { "desc": "1","geom": "general","label": "c","mult": 4 },{ "coord": [ "z,1/2,y","z+1/2,1/2,-y" ],"desc": "m..","geom": "plane","label": "b","mult": 2 },{ "coord": [ "z,0,y","z+1/2,0,-y" ],"desc": "m..","geom": "plane","label": "a","mult": 2 } ] } },{ "gen": [ "x,y,z","x-1/2,-y,-z","x-1/2,-y,z" ],"gp": [ "x,y,z","x-1/2,-y,-z","x-1/2,-y,z","x,y,-z" ],"id": "P21am","itaFull": "26:-cba","set": 4,"sg": 26,"tm": "-c,b,a","u": "P 21 a m","wpos": { "pos": [ { "desc": "1","geom": "general","label": "c","mult": 4 },{ "coord": [ "-z,y,1/2","-z+1/2,-y,1/2" ],"desc": "m..","geom": "plane","label": "b","mult": 2 },{ "coord": [ "-z,y,0","-z+1/2,-y,0" ],"desc": "m..","geom": "plane","label": "a","mult": 2 } ] } },{ "gen": [ "x,y,z","-x,y+1/2,-z","-x,y+1/2,z" ],"gp": [ "x,y,z","-x,y+1/2,-z","-x,y+1/2,z","x,y,-z" ],"id": "Pb21m","itaFull": "26:bca","set": 5,"sg": 26,"tm": "b,c,a","u": "P b 21 m","wpos": { "pos": [ { "desc": "1","geom": "general","label": "c","mult": 4 },{ "coord": [ "y,z,1/2","-y,z+1/2,1/2" ],"desc": "m..","geom": "plane","label": "b","mult": 2 },{ "coord": [ "y,z,0","-y,z+1/2,0" ],"desc": "m..","geom": "plane","label": "a","mult": 2 } ] } },{ "gen": [ "x,y,z","-x,y-1/2,-z","x,y-1/2,-z" ],"gp": [ "x,y,z","-x,y-1/2,-z","x,y-1/2,-z","-x,y,z" ],"id": "Pm21b","itaFull": "26:a-cb","set": 6,"sg": 26,"tm": "a,-c,b","u": "P m 21 b","wpos": { "pos": [ { "desc": "1","geom": "general","label": "c","mult": 4 },{ "coord": [ "1/2,-z,y","1/2,-z+1/2,-y" ],"desc": "m..","geom": "plane","label": "b","mult": 2 },{ "coord": [ "0,-z,y","0,-z+1/2,-y" ],"desc": "m..","geom": "plane","label": "a","mult": 2 } ] } } ],"n": 6,"sg": 26 }