{ "its": [ { "gen": [ "x,y,z","-x,-y,z","-x,y,-z","x+1/2,y+1/2,z+1/2" ],"gp": [ "x,y,z","-x,-y,z","-x,y,-z","x,-y,-z","x+1/2,y+1/2,z+1/2","-x+1/2,-y+1/2,z+1/2","-x+1/2,y+1/2,-z+1/2","x+1/2,-y+1/2,-z+1/2" ],"id": "I222","itaFull": "23","set": 1,"sg": 23,"tm": "a,b,c","u": "I 2 2 2","wpos": { "cent": [ "1/2,1/2,1/2" ],"pos": [ { "desc": "1","geom": "general","label": "k","mult": 8 },{ "coord": [ "0,1/2,z","0,1/2,-z" ],"desc": "..2","geom": "line","label": "j","mult": 4 },{ "coord": [ "0,0,z","0,0,-z" ],"desc": "..2","geom": "line","label": "i","mult": 4 },{ "coord": [ "1/2,y,0","1/2,-y,0" ],"desc": ".2.","geom": "line","label": "h","mult": 4 },{ "coord": [ "0,y,0","0,-y,0" ],"desc": ".2.","geom": "line","label": "g","mult": 4 },{ "coord": [ "x,0,1/2","-x,0,1/2" ],"desc": "2..","geom": "line","label": "f","mult": 4 },{ "coord": [ "x,0,0","-x,0,0" ],"desc": "2..","geom": "line","label": "e","mult": 4 },{ "coord": [ "0,1/2,0" ],"desc": "222","geom": "point","label": "d","mult": 2 },{ "coord": [ "0,0,1/2" ],"desc": "222","geom": "point","label": "c","mult": 2 },{ "coord": [ "1/2,0,0" ],"desc": "222","geom": "point","label": "b","mult": 2 },{ "coord": [ "0,0,0" ],"desc": "222","geom": "point","label": "a","mult": 2 } ] } } ],"n": 1,"sg": 23 }