{ "its": [ { "gen": [ "x,y,z","-y,x-y,z","y,x,-z+1/2","-x,-y,-z","x+2/3,y+1/3,z+1/3" ],"gp": [ "x,y,z","-y,x-y,z","-x+y,-x,z","y,x,-z+1/2","x-y,-y,-z+1/2","-x,-x+y,-z+1/2","-x,-y,-z","y,-x+y,-z","x-y,x,-z","-y,-x,z+1/2","-x+y,y,z+1/2","x,x-y,z+1/2","x+2/3,y+1/3,z+1/3","-y+2/3,x-y+1/3,z+1/3","-x+y+2/3,-x+1/3,z+1/3","y+2/3,x+1/3,-z+5/6","x-y+2/3,-y+1/3,-z+5/6","-x+2/3,-x+y+1/3,-z+5/6","-x+2/3,-y+1/3,-z+1/3","y+2/3,-x+y+1/3,-z+1/3","x-y+2/3,x+1/3,-z+1/3","-y+2/3,-x+1/3,z+5/6","-x+y+2/3,y+1/3,z+5/6","x+2/3,x-y+1/3,z+5/6","x+1/3,y+2/3,z+2/3","-y+1/3,x-y+2/3,z+2/3","-x+y+1/3,-x+2/3,z+2/3","y+1/3,x+2/3,-z+1/6","x-y+1/3,-y+2/3,-z+1/6","-x+1/3,-x+y+2/3,-z+1/6","-x+1/3,-y+2/3,-z+2/3","y+1/3,-x+y+2/3,-z+2/3","x-y+1/3,x+2/3,-z+2/3","-y+1/3,-x+2/3,z+1/6","-x+y+1/3,y+2/3,z+1/6","x+1/3,x-y+2/3,z+1/6" ],"id": "R-3c:h","itaFull": "167:h","set": 1,"sg": 167,"tm": "a,b,c","u": "R -3 c :h","wpos": { "cent": [ "2/3,1/3,1/3","1/3,2/3,2/3" ],"pos": [ { "desc": "1","geom": "general","label": "f","mult": 36 },{ "coord": [ "x,0,1/4","0,x,1/4","-x,-x,1/4","-x,0,3/4","0,-x,3/4","x,x,3/4" ],"desc": ".2","geom": "line","label": "e","mult": 18 },{ "coord": [ "1/2,0,0","0,1/2,0","1/2,1/2,0","0,1/2,1/2","1/2,0,1/2","1/2,1/2,1/2" ],"desc": "-1","geom": "point","label": "d","mult": 18 },{ "coord": [ "0,0,z","0,0,-z+1/2","0,0,-z","0,0,z+1/2" ],"desc": "3.","geom": "line","label": "c","mult": 12 },{ "coord": [ "0,0,0","0,0,1/2" ],"desc": "-3.","geom": "point","label": "b","mult": 6 },{ "coord": [ "0,0,1/4","0,0,3/4" ],"desc": "32","geom": "point","label": "a","mult": 6 } ] } },{ "gen": [ "x,y,z","z,x,y","-z+1/2,-y+1/2,-x+1/2","-x,-y,-z","x+1,y,z" ],"gp": [ "x,y,z","z,x,y","y,z,x","-z+1/2,-y+1/2,-x+1/2","-y+1/2,-x+1/2,-z+1/2","-x+1/2,-z+1/2,-y+1/2","-x,-y,-z","-z,-x,-y","-y,-z,-x","z+1/2,y+1/2,x+1/2","y+1/2,x+1/2,z+1/2","x+1/2,z+1/2,y+1/2","-z+3/2,-y+1/2,-x+1/2","-y+3/2,-x+1/2,-z+1/2","-x+3/2,-z+1/2,-y+1/2","z+3/2,y+1/2,x+1/2","y+3/2,x+1/2,z+1/2","x+3/2,z+1/2,y+1/2","-z+1/2,-y+1/2,-x-1/2","-y+1/2,-x+1/2,-z-1/2","-x+1/2,-z+1/2,-y-1/2","z+1/2,y+1/2,x-1/2","y+1/2,x+1/2,z-1/2","x+1/2,z+1/2,y-1/2" ],"id": "R-3c:R","itaFull": "ita?.","set": 2,"sg": 167,"tm": "2/3a+1/3b+1/3c,-1/3a+1/3b+1/3c,-1/3a-2/3b+1/3c","u": "R -3 c :R","wpos": { "pos": [ { "desc": "1","geom": "general","label": "f","mult": 36 },{ "coord": [ "x+1/4,-x+1/4,1/4","1/4,x+1/4,-x+1/4","-x+1/4,1/4,x+1/4","-x+3/4,x+3/4,3/4","3/4,-x+3/4,x+3/4","x+3/4,3/4,-x+3/4" ],"desc": ".2","geom": "line","label": "e","mult": 18 },{ "coord": [ "1/2,1/2,0","0,1/2,1/2","1/2,0,1/2","1/2,0,0","0,0,1/2","0,1/2,0" ],"desc": "-1","geom": "point","label": "d","mult": 18 },{ "coord": [ "z,z,z","-z+1/2,-z+1/2,-z+1/2","-z,-z,-z","z+1/2,z+1/2,z+1/2" ],"desc": "3.","geom": "line","label": "c","mult": 12 },{ "coord": [ "0,0,0","1/2,1/2,1/2" ],"desc": "-3.","geom": "point","label": "b","mult": 6 },{ "coord": [ "1/4,1/4,1/4","3/4,3/4,3/4" ],"desc": "32","geom": "point","label": "a","mult": 6 } ] } } ],"n": 2,"sg": 167 }