{ "its": [ { "gen": [ "x,y,z","-y,x-y,z","-x,-y,z","y,x,-z" ],"gp": [ "x,y,z","-y,x-y,z","-x+y,-x,z","-x,-y,z","y,-x+y,z","x-y,x,z","y,x,-z","x-y,-y,-z","-x,-x+y,-z","-y,-x,-z","-x+y,y,-z","x,x-y,-z" ],"id": "P622","itaFull": "177","set": 1,"sg": 177,"tm": "a,b,c","u": "P 6 2 2","wpos": { "pos": [ { "desc": "1","geom": "general","label": "n","mult": 12 },{ "coord": [ "x,-x,1/2","x,2x,1/2","-2x,-x,1/2","-x,x,1/2","-x,-2x,1/2","2x,x,1/2" ],"desc": "..2","geom": "line","label": "m","mult": 6 },{ "coord": [ "x,-x,0","x,2x,0","-2x,-x,0","-x,x,0","-x,-2x,0","2x,x,0" ],"desc": "..2","geom": "line","label": "l","mult": 6 },{ "coord": [ "x,0,1/2","0,x,1/2","-x,-x,1/2","-x,0,1/2","0,-x,1/2","x,x,1/2" ],"desc": ".2.","geom": "line","label": "k","mult": 6 },{ "coord": [ "x,0,0","0,x,0","-x,-x,0","-x,0,0","0,-x,0","x,x,0" ],"desc": ".2.","geom": "line","label": "j","mult": 6 },{ "coord": [ "1/2,0,z","0,1/2,z","1/2,1/2,z","0,1/2,-z","1/2,0,-z","1/2,1/2,-z" ],"desc": "2..","geom": "line","label": "i","mult": 6 },{ "coord": [ "1/3,2/3,z","2/3,1/3,z","2/3,1/3,-z","1/3,2/3,-z" ],"desc": "3..","geom": "line","label": "h","mult": 4 },{ "coord": [ "1/2,0,1/2","0,1/2,1/2","1/2,1/2,1/2" ],"desc": "222","geom": "point","label": "g","mult": 3 },{ "coord": [ "1/2,0,0","0,1/2,0","1/2,1/2,0" ],"desc": "222","geom": "point","label": "f","mult": 3 },{ "coord": [ "0,0,z","0,0,-z" ],"desc": "6..","geom": "line","label": "e","mult": 2 },{ "coord": [ "1/3,2/3,1/2","2/3,1/3,1/2" ],"desc": "3.2","geom": "point","label": "d","mult": 2 },{ "coord": [ "1/3,2/3,0","2/3,1/3,0" ],"desc": "3.2","geom": "point","label": "c","mult": 2 },{ "coord": [ "0,0,1/2" ],"desc": "622","geom": "point","label": "b","mult": 1 },{ "coord": [ "0,0,0" ],"desc": "622","geom": "point","label": "a","mult": 1 } ] } } ],"n": 1,"sg": 177 }