{ "its": [ { "gen": [ "x,y,z","-x,-y,z+1/2","x+1/2,-y,z" ],"gp": [ "x,y,z","-x,-y,z+1/2","x+1/2,-y,z","-x+1/2,y,z+1/2" ],"id": "Pca21","itaFull": "29","set": 1,"sg": 29,"tm": "a,b,c","u": "P c a 21","wpos": { "pos": [ { "desc": "1","geom": "general","label": "a","mult": 4 } ] } },{ "gen": [ "x,y,z","-x,-y,z-1/2","-x,y+1/2,z" ],"gp": [ "x,y,z","-x,-y,z-1/2","-x,y+1/2,z","x,-y+1/2,z-1/2" ],"id": "Pbc21","itaFull": "29:ba-c","set": 2,"sg": 29,"tm": "b,a,-c","u": "P b c 21","wpos": { "pos": [ { "desc": "1","geom": "general","label": "a","mult": 4 } ] } },{ "gen": [ "x,y,z","x+1/2,-y,-z","x,y+1/2,-z" ],"gp": [ "x,y,z","x+1/2,-y,-z","x,y+1/2,-z","x+1/2,-y+1/2,z" ],"id": "P21ab","itaFull": "29:cab","set": 3,"sg": 29,"tm": "c,a,b","u": "P 21 a b","wpos": { "pos": [ { "desc": "1","geom": "general","label": "a","mult": 4 } ] } },{ "gen": [ "x,y,z","x-1/2,-y,-z","x,-y,z+1/2" ],"gp": [ "x,y,z","x-1/2,-y,-z","x,-y,z+1/2","x-1/2,y,-z+1/2" ],"id": "P21ca","itaFull": "29:-cba","set": 4,"sg": 29,"tm": "-c,b,a","u": "P 21 c a","wpos": { "pos": [ { "desc": "1","geom": "general","label": "a","mult": 4 } ] } },{ "gen": [ "x,y,z","-x,y+1/2,-z","-x,y,z+1/2" ],"gp": [ "x,y,z","-x,y+1/2,-z","-x,y,z+1/2","x,y+1/2,-z+1/2" ],"id": "Pc21b","itaFull": "29:bca","set": 5,"sg": 29,"tm": "b,c,a","u": "P c 21 b","wpos": { "pos": [ { "desc": "1","geom": "general","label": "a","mult": 4 } ] } },{ "gen": [ "x,y,z","-x,y-1/2,-z","x+1/2,y,-z" ],"gp": [ "x,y,z","-x,y-1/2,-z","x+1/2,y,-z","-x+1/2,y-1/2,z" ],"id": "Pb21a","itaFull": "29:a-cb","set": 6,"sg": 29,"tm": "a,-c,b","u": "P b 21 a","wpos": { "pos": [ { "desc": "1","geom": "general","label": "a","mult": 4 } ] } } ],"n": 6,"sg": 29 }