{ "its": [ { "gen": [ "x,y,z","-x+1/2,-y+1/2,z","-y+1/2,x,z","-x,y+1/2,-z+1/2","-x,-y,-z" ],"gp": [ "x,y,z","-x+1/2,-y+1/2,z","-y+1/2,x,z","y,-x+1/2,z","-x,y+1/2,-z+1/2","x+1/2,-y,-z+1/2","y+1/2,x+1/2,-z+1/2","-y,-x,-z+1/2","-x,-y,-z","x+1/2,y+1/2,-z","y+1/2,-x,-z","-y,x+1/2,-z","x,-y+1/2,z+1/2","-x+1/2,y,z+1/2","-y+1/2,-x+1/2,z+1/2","y,x,z+1/2" ],"id": "P4/ncc","itaFull": "130:2","set": 1,"sg": 130,"tm": "a,b,c","u": "P 4/n c c  [origin 2]","wpos": { "pos": [ { "desc": "1","geom": "general","label": "g","mult": 16 },{ "coord": [ "x,-x,1/4","-x+1/2,x+1/2,1/4","x+1/2,x,1/4","-x,-x+1/2,1/4","-x,x,3/4","x+1/2,-x+1/2,3/4","-x+1/2,-x,3/4","x,x+1/2,3/4" ],"desc": "..2","geom": "line","label": "f","mult": 8 },{ "coord": [ "3/4,1/4,z","1/4,3/4,z","1/4,3/4,-z+1/2","3/4,1/4,-z+1/2","1/4,3/4,-z","3/4,1/4,-z","3/4,1/4,z+1/2","1/4,3/4,z+1/2" ],"desc": "2..","geom": "line","label": "e","mult": 8 },{ "coord": [ "0,0,0","1/2,1/2,0","1/2,0,0","0,1/2,0","0,1/2,1/2","1/2,0,1/2","1/2,1/2,1/2","0,0,1/2" ],"desc": "-1","geom": "point","label": "d","mult": 8 },{ "coord": [ "1/4,1/4,z","3/4,3/4,-z+1/2","3/4,3/4,-z","1/4,1/4,z+1/2" ],"desc": "4..","geom": "line","label": "c","mult": 4 },{ "coord": [ "3/4,1/4,0","1/4,3/4,0","1/4,3/4,1/2","3/4,1/4,1/2" ],"desc": "-4..","geom": "point","label": "b","mult": 4 },{ "coord": [ "3/4,1/4,1/4","1/4,3/4,1/4","1/4,3/4,3/4","3/4,1/4,3/4" ],"desc": "2.2 2","geom": "point","label": "a","mult": 4 } ] } },{ "gen": [ "x,y,z","-x,-y+1/2,z","-y+1/4,x+1/4,z","-y-1/4,-x+1/4,-z+1/2","-x,-y,-z","x+1/2,y+1/2,z","-x+1/2,-y+1,z","-y+3/4,x+3/4,z","-y+1/4,-x+3/4,-z+1/2","-x+1/2,-y+1/2,-z" ],"gp": [ "x,y,z","-x,-y+1/2,z","-y+1/4,x+1/4,z","y-1/4,-x+1/4,z","-y-1/4,-x+1/4,-z+1/2","y+1/4,x+1/4,-z+1/2","-x,y+1/2,-z+1/2","x,-y,-z+1/2","-x,-y,-z","x,y+1/2,-z","y+1/4,-x+1/4,-z","-y-1/4,x+1/4,-z","y-1/4,x+1/4,z+1/2","-y+1/4,-x+1/4,z+1/2","x,-y+1/2,z+1/2","-x,y,z+1/2","x+1/2,y+1/2,z","-y+3/4,x+3/4,z","y+1/4,-x+3/4,z","-y+1/4,-x+3/4,-z+1/2","y+3/4,x+3/4,-z+1/2","x+1/2,-y+1/2,-z+1/2","-x+1/2,-y+1/2,-z","y+3/4,-x+3/4,-z","-y+1/4,x+3/4,-z","y+1/4,x+3/4,z+1/2","-y+3/4,-x+3/4,z+1/2","-x+1/2,y+1/2,z+1/2" ],"id": "C4/ecc:2","itaFull": "ita?.","set": 2,"sg": 130,"tm": "a-b,a+b,c","u": "C 4/e c c :2","wpos": { "pos": [ { "desc": "1","geom": "general","label": "g","mult": 16 },{ "coord": [ "x,0,1/4","-x,1/2,1/4","1/4,x+1/4,1/4","3/4,-x+1/4,1/4","-x,0,3/4","x,1/2,3/4","1/4,-x+1/4,3/4","3/4,x+1/4,3/4" ],"desc": "..2","geom": "line","label": "f","mult": 8 },{ "coord": [ "1/4,1/2,z","3/4,1/2,z","3/4,1/2,-z+1/2","1/4,1/2,-z+1/2","3/4,1/2,-z","1/4,1/2,-z","1/4,1/2,z+1/2","3/4,1/2,z+1/2" ],"desc": "2..","geom": "line","label": "e","mult": 8 },{ "coord": [ "0,0,0","0,1/2,0","1/4,1/4,0","3/4,1/4,0","3/4,1/4,1/2","1/4,1/4,1/2","0,1/2,1/2","0,0,1/2" ],"desc": "-1","geom": "point","label": "d","mult": 8 },{ "coord": [ "0,1/4,z","0,3/4,-z+1/2","0,3/4,-z","0,1/4,z+1/2" ],"desc": "4..","geom": "line","label": "c","mult": 4 },{ "coord": [ "1/4,1/2,0","3/4,1/2,0","3/4,1/2,1/2","1/4,1/2,1/2" ],"desc": "-4..","geom": "point","label": "b","mult": 4 },{ "coord": [ "1/4,1/2,1/4","3/4,1/2,1/4","3/4,1/2,3/4","1/4,1/2,3/4" ],"desc": "2.2 2","geom": "point","label": "a","mult": 4 } ] } },{ "gen": [ "x,y,z","-x+1,-y,z","-y+1/2,x-1/2,z","-x+1/2,y+1/2,-z+1/2","-x+1/2,-y-1/2,-z" ],"gp": [ "x,y,z","-y+1/2,x-1/2,z","y+1/2,-x+1/2,z","-x+1/2,y+1/2,-z+1/2","x+1/2,-y-1/2,-z+1/2","-y,-x,-z+1/2","-x+1/2,-y-1/2,-z","x+1/2,y+1/2,-z","-y,x,-z","x,-y,z+1/2","-y+1/2,-x+1/2,z+1/2","y+1/2,x-1/2,z+1/2" ],"id": "P4/ncc:1","itaFull": "ita?.","set": 3,"sg": 130,"tm": "a-1/4,b+1/4,c","u": "P 4/n c c :1","wpos": { "pos": [ { "desc": "1","geom": "general","label": "g","mult": 16 },{ "coord": [ "x+1/4,-x+3/4,1/4","-x+3/4,x+1/4,1/4","x+3/4,x+3/4,1/4","-x+1/4,-x+1/4,1/4","-x+1/4,x+3/4,3/4","x+3/4,-x+1/4,3/4","-x+3/4,-x+3/4,3/4","x+1/4,x+1/4,3/4" ],"desc": "..2","geom": "line","label": "f","mult": 8 },{ "coord": [ "0,0,z","1/2,1/2,z","1/2,1/2,-z+1/2","0,0,-z+1/2","1/2,1/2,-z","0,0,-z","0,0,z+1/2","1/2,1/2,z+1/2" ],"desc": "2..","geom": "line","label": "e","mult": 8 },{ "coord": [ "1/4,3/4,0","3/4,1/4,0","3/4,3/4,0","1/4,1/4,0","1/4,1/4,1/2","3/4,3/4,1/2","3/4,1/4,1/2","1/4,3/4,1/2" ],"desc": "-1","geom": "point","label": "d","mult": 8 },{ "coord": [ "1/2,0,z","0,1/2,-z+1/2","0,1/2,-z","1/2,0,z+1/2" ],"desc": "4..","geom": "line","label": "c","mult": 4 },{ "coord": [ "0,0,0","1/2,1/2,0","1/2,1/2,1/2","0,0,1/2" ],"desc": "-4..","geom": "point","label": "b","mult": 4 },{ "coord": [ "0,0,1/4","1/2,1/2,1/4","1/2,1/2,3/4","0,0,3/4" ],"desc": "2.2 2","geom": "point","label": "a","mult": 4 } ] } },{ "gen": [ "x,y,z","-x+1/2,-y+1/2,z","-y+1/2,x,z","-y,-x+1/2,-z+1/2","-x+1/2,-y,-z","x+1/2,y+1/2,z","-x+1,-y+1,z","-y+1,x+1/2,z","-y+1/2,-x+1,-z+1/2","-x+1,-y+1/2,-z" ],"gp": [ "x,y,z","-x+1/2,-y+1/2,z","-y+1/2,x,z","y,-x+1/2,z","-y,-x+1/2,-z+1/2","y+1/2,x,-z+1/2","-x+1/2,y+1/2,-z+1/2","x,-y,-z+1/2","-x+1/2,-y,-z","x,y+1/2,-z","y+1/2,-x+1/2,-z","-y,x,-z","y,x,z+1/2","-y+1/2,-x+1/2,z+1/2","x,-y+1/2,z+1/2","-x+1/2,y,z+1/2","x+1/2,y+1/2,z","x+1/2,-y+1/2,-z+1/2","-y+1/2,x+1/2,-z","y+1/2,x+1/2,z+1/2" ],"id": "C4/ecc:1","itaFull": "ita?.","set": 4,"sg": 130,"tm": "a-b-1/4,a+b+1/4,c","u": "C 4/e c c :1","wpos": { "pos": [ { "desc": "1","geom": "general","label": "g","mult": 16 },{ "coord": [ "x+1/4,0,1/4","-x+1/4,1/2,1/4","1/2,x+1/4,1/4","0,-x+1/4,1/4","-x+1/4,0,3/4","x+1/4,1/2,3/4","1/2,-x+1/4,3/4","0,x+1/4,3/4" ],"desc": "..2","geom": "line","label": "f","mult": 8 },{ "coord": [ "1/2,1/2,z","0,1/2,z","0,1/2,-z+1/2","1/2,1/2,-z+1/2","0,1/2,-z","1/2,1/2,-z","1/2,1/2,z+1/2","0,1/2,z+1/2" ],"desc": "2..","geom": "line","label": "e","mult": 8 },{ "coord": [ "1/4,0,0","1/4,1/2,0","1/2,1/4,0","0,1/4,0","0,1/4,1/2","1/2,1/4,1/2","1/4,1/2,1/2","1/4,0,1/2" ],"desc": "-1","geom": "point","label": "d","mult": 8 },{ "coord": [ "1/4,1/4,z","1/4,3/4,-z+1/2","1/4,3/4,-z","1/4,1/4,z+1/2" ],"desc": "4..","geom": "line","label": "c","mult": 4 },{ "coord": [ "1/2,1/2,0","0,1/2,0","0,1/2,1/2","1/2,1/2,1/2" ],"desc": "-4..","geom": "point","label": "b","mult": 4 },{ "coord": [ "1/2,1/2,1/4","0,1/2,1/4","0,1/2,3/4","1/2,1/2,3/4" ],"desc": "2.2 2","geom": "point","label": "a","mult": 4 } ] } } ],"n": 4,"sg": 130 }