{ "its": [ { "gen": [ "x,y,z","-x+1/2,-y+1/2,z","-y+1/2,x,z+1/2","-x+1/2,y,-z+1/2","-x,-y,-z" ],"gp": [ "x,y,z","-x+1/2,-y+1/2,z","-y+1/2,x,z+1/2","y,-x+1/2,z+1/2","-x+1/2,y,-z+1/2","x,-y+1/2,-z+1/2","y,x,-z","-y+1/2,-x+1/2,-z","-x,-y,-z","x+1/2,y+1/2,-z","y+1/2,-x,-z+1/2","-y,x+1/2,-z+1/2","x+1/2,-y,z+1/2","-x,y+1/2,z+1/2","-y,-x,z","y+1/2,x+1/2,z" ],"id": "P42/nnm","itaFull": "134:2","set": 1,"sg": 134,"tm": "a,b,c","u": "P 42/n n m  [origin 2]","wpos": { "pos": [ { "desc": "1","geom": "general","label": "n","mult": 16 },{ "coord": [ "x,-x,z","-x+1/2,x+1/2,z","x+1/2,x,z+1/2","-x,-x+1/2,z+1/2","-x+1/2,-x,-z+1/2","x,x+1/2,-z+1/2","-x,x,-z","x+1/2,-x+1/2,-z" ],"desc": "..m","geom": "plane","label": "m","mult": 8 },{ "coord": [ "x,x,1/2","-x+1/2,-x+1/2,1/2","-x+1/2,x,0","x,-x+1/2,0","-x,-x,1/2","x+1/2,x+1/2,1/2","x+1/2,-x,0","-x,x+1/2,0" ],"desc": "..2","geom": "line","label": "l","mult": 8 },{ "coord": [ "x,x,0","-x+1/2,-x+1/2,0","-x+1/2,x,1/2","x,-x+1/2,1/2","-x,-x,0","x+1/2,x+1/2,0","x+1/2,-x,1/2","-x,x+1/2,1/2" ],"desc": "..2","geom": "line","label": "k","mult": 8 },{ "coord": [ "x,1/4,1/4","-x+1/2,1/4,1/4","1/4,x,3/4","1/4,-x+1/2,3/4","-x,3/4,3/4","x+1/2,3/4,3/4","3/4,-x,1/4","3/4,x+1/2,1/4" ],"desc": ".2.","geom": "line","label": "j","mult": 8 },{ "coord": [ "x,1/4,3/4","-x+1/2,1/4,3/4","1/4,x,1/4","1/4,-x+1/2,1/4","-x,3/4,1/4","x+1/2,3/4,1/4","3/4,-x,3/4","3/4,x+1/2,3/4" ],"desc": ".2.","geom": "line","label": "i","mult": 8 },{ "coord": [ "1/4,1/4,z","1/4,1/4,z+1/2","1/4,1/4,-z+1/2","1/4,1/4,-z","3/4,3/4,-z","3/4,3/4,-z+1/2","3/4,3/4,z+1/2","3/4,3/4,z" ],"desc": "2..","geom": "line","label": "h","mult": 8 },{ "coord": [ "3/4,1/4,z","1/4,3/4,z+1/2","3/4,1/4,-z+1/2","1/4,3/4,-z" ],"desc": "2.m m","geom": "line","label": "g","mult": 4 },{ "coord": [ "0,0,0","1/2,1/2,0","1/2,0,1/2","0,1/2,1/2" ],"desc": "..2/m","geom": "point","label": "f","mult": 4 },{ "coord": [ "0,0,1/2","1/2,1/2,1/2","1/2,0,0","0,1/2,0" ],"desc": "..2/m","geom": "point","label": "e","mult": 4 },{ "coord": [ "1/4,1/4,0","1/4,1/4,1/2","3/4,3/4,0","3/4,3/4,1/2" ],"desc": "2.2 2","geom": "point","label": "d","mult": 4 },{ "coord": [ "1/4,1/4,1/4","1/4,1/4,3/4","3/4,3/4,3/4","3/4,3/4,1/4" ],"desc": "222 .","geom": "point","label": "c","mult": 4 },{ "coord": [ "3/4,1/4,1/4","1/4,3/4,3/4" ],"desc": "-42m","geom": "point","label": "b","mult": 2 },{ "coord": [ "1/4,3/4,1/4","3/4,1/4,3/4" ],"desc": "-42m","geom": "point","label": "a","mult": 2 } ] } },{ "gen": [ "x,y,z","-x,-y+1/2,z","-y+1/4,x+1/4,z+1/2","-y+1/4,-x+1/4,-z+1/2","-x,-y,-z","x+1/2,y+1/2,z","-x+1/2,-y+1,z","-y+3/4,x+3/4,z+1/2","-y+3/4,-x+3/4,-z+1/2","-x+1/2,-y+1/2,-z" ],"gp": [ "x,y,z","-x,-y+1/2,z","-y+1/4,x+1/4,z+1/2","y-1/4,-x+1/4,z+1/2","-y+1/4,-x+1/4,-z+1/2","y-1/4,x+1/4,-z+1/2","-x,y,-z","x,-y+1/2,-z","-x,-y,-z","x,y+1/2,-z","y+1/4,-x+1/4,-z+1/2","-y-1/4,x+1/4,-z+1/2","y+1/4,x+1/4,z+1/2","-y-1/4,-x+1/4,z+1/2","x,-y,z","-x,y+1/2,z","x+1/2,y+1/2,z","-y+3/4,x+3/4,z+1/2","y+1/4,-x+3/4,z+1/2","-y+3/4,-x+3/4,-z+1/2","y+1/4,x+3/4,-z+1/2","-x+1/2,y+1/2,-z","-x+1/2,-y+1/2,-z","y+3/4,-x+3/4,-z+1/2","-y+1/4,x+3/4,-z+1/2","y+3/4,x+3/4,z+1/2","-y+1/4,-x+3/4,z+1/2","x+1/2,-y+1/2,z" ],"id": "C42/emg2:2","itaFull": "ita?.","set": 2,"sg": 134,"tm": "a-b,a+b,c","u": "C 42/e m g2 :2","wpos": { "pos": [ { "desc": "1","geom": "general","label": "n","mult": 16 },{ "coord": [ "x,0,z","-x,1/2,z","1/4,x+1/4,z+1/2","3/4,-x+1/4,z+1/2","1/4,-x+1/4,-z+1/2","3/4,x+1/4,-z+1/2","-x,0,-z","x,1/2,-z" ],"desc": "..m","geom": "plane","label": "m","mult": 8 },{ "coord": [ "0,x,1/2","0,-x+1/2,1/2","-x+1/4,1/4,0","x+3/4,1/4,0","0,-x,1/2","0,x+1/2,1/2","x+1/4,1/4,0","-x+3/4,1/4,0" ],"desc": "..2","geom": "line","label": "l","mult": 8 },{ "coord": [ "0,x,0","0,-x+1/2,0","-x+1/4,1/4,1/2","x+3/4,1/4,1/2","0,-x,0","0,x+1/2,0","x+1/4,1/4,1/2","-x+3/4,1/4,1/2" ],"desc": "..2","geom": "line","label": "k","mult": 8 },{ "coord": [ "1/2x+7/8,1/2x+1/8,1/4","-1/2x+1/8,-1/2x+3/8,1/4","-1/2x+1/8,1/2x+1/8,3/4","1/2x+7/8,-1/2x+3/8,3/4","-1/2x+5/8,-1/2x+3/8,3/4","1/2x+7/8,1/2x+5/8,3/4","1/2x+3/8,-1/2x+3/8,1/4","-1/2x+1/8,1/2x+5/8,1/4" ],"desc": ".2.","geom": "line","label": "j","mult": 8 },{ "coord": [ "1/2x+7/8,1/2x+1/8,3/4","-1/2x+1/8,-1/2x+3/8,3/4","-1/2x+1/8,1/2x+1/8,1/4","1/2x+7/8,-1/2x+3/8,1/4","-1/2x+5/8,-1/2x+3/8,1/4","1/2x+7/8,1/2x+5/8,1/4","1/2x+3/8,-1/2x+3/8,3/4","-1/2x+1/8,1/2x+5/8,3/4" ],"desc": ".2.","geom": "line","label": "i","mult": 8 },{ "coord": [ "0,1/4,z","0,1/4,z+1/2","0,1/4,-z+1/2","0,1/4,-z","0,3/4,-z","0,3/4,-z+1/2","0,3/4,z+1/2","0,3/4,z" ],"desc": "2..","geom": "line","label": "h","mult": 8 },{ "coord": [ "1/4,1/2,z","3/4,1/2,z+1/2","1/4,1/2,-z+1/2","3/4,1/2,-z" ],"desc": "2.m m","geom": "line","label": "g","mult": 4 },{ "coord": [ "0,0,0","0,1/2,0","1/4,1/4,1/2","3/4,1/4,1/2" ],"desc": "..2/m","geom": "point","label": "f","mult": 4 },{ "coord": [ "0,0,1/2","0,1/2,1/2","1/4,1/4,0","3/4,1/4,0" ],"desc": "..2/m","geom": "point","label": "e","mult": 4 },{ "coord": [ "0,1/4,0","0,1/4,1/2","0,3/4,0","0,3/4,1/2" ],"desc": "2.2 2","geom": "point","label": "d","mult": 4 },{ "coord": [ "0,1/4,1/4","0,1/4,3/4","0,3/4,3/4","0,3/4,1/4" ],"desc": "222 .","geom": "point","label": "c","mult": 4 },{ "coord": [ "1/4,1/2,1/4","3/4,1/2,3/4" ],"desc": "-42m","geom": "point","label": "b","mult": 2 },{ "coord": [ "3/4,1/2,1/4","1/4,1/2,3/4" ],"desc": "-42m","geom": "point","label": "a","mult": 2 } ] } },{ "gen": [ "x,y,z","-x+1,-y,z","-y+1/2,x-1/2,z+1/2","-x+1,y,-z+1","-x+1/2,-y-1/2,-z+1/2" ],"gp": [ "x,y,z","-y+1/2,x-1/2,z+1/2","y+1/2,-x+1/2,z+1/2","y+1/2,x-1/2,-z+1/2","-y+1/2,-x+1/2,-z+1/2","-x+1/2,-y-1/2,-z+1/2","x+1/2,y+1/2,-z+1/2","x+1/2,-y-1/2,z+1/2","-x+1/2,y+1/2,z+1/2","-y,-x,z" ],"id": "P42/nnm:1","itaFull": "ita?.","set": 3,"sg": 134,"tm": "a-1/4,b+1/4,c-1/4","u": "P 42/n n m :1","wpos": { "pos": [ { "desc": "1","geom": "general","label": "n","mult": 16 },{ "coord": [ "x+1/4,-x+3/4,z+1/4","-x+3/4,x+1/4,z+1/4","x+3/4,x+3/4,z+3/4","-x+1/4,-x+1/4,z+3/4","-x+3/4,-x+3/4,-z+3/4","x+1/4,x+1/4,-z+3/4","-x+1/4,x+3/4,-z+1/4","x+3/4,-x+1/4,-z+1/4" ],"desc": "..m","geom": "plane","label": "m","mult": 8 },{ "coord": [ "x+1/4,x+3/4,3/4","-x+3/4,-x+1/4,3/4","-x+3/4,x+3/4,1/4","x+1/4,-x+1/4,1/4","-x+1/4,-x+3/4,3/4","x+3/4,x+1/4,3/4","x+3/4,-x+3/4,1/4","-x+1/4,x+1/4,1/4" ],"desc": "..2","geom": "line","label": "l","mult": 8 },{ "coord": [ "x+1/4,x+3/4,1/4","-x+3/4,-x+1/4,1/4","-x+3/4,x+3/4,3/4","x+1/4,-x+1/4,3/4","-x+1/4,-x+3/4,1/4","x+3/4,x+1/4,1/4","x+3/4,-x+3/4,3/4","-x+1/4,x+1/4,3/4" ],"desc": "..2","geom": "line","label": "k","mult": 8 },{ "coord": [ "x+1/4,0,1/2","-x+3/4,0,1/2","1/2,x+3/4,0","1/2,-x+1/4,0","-x+1/4,1/2,0","x+3/4,1/2,0","0,-x+3/4,1/2","0,x+1/4,1/2" ],"desc": ".2.","geom": "line","label": "j","mult": 8 },{ "coord": [ "x+1/4,0,0","-x+3/4,0,0","1/2,x+3/4,1/2","1/2,-x+1/4,1/2","-x+1/4,1/2,1/2","x+3/4,1/2,1/2","0,-x+3/4,0","0,x+1/4,0" ],"desc": ".2.","geom": "line","label": "i","mult": 8 },{ "coord": [ "1/2,0,z+1/4","1/2,0,z+3/4","1/2,0,-z+3/4","1/2,0,-z+1/4","0,1/2,-z+1/4","0,1/2,-z+3/4","0,1/2,z+3/4","0,1/2,z+1/4" ],"desc": "2..","geom": "line","label": "h","mult": 8 },{ "coord": [ "0,0,z+1/4","1/2,1/2,z+3/4","0,0,-z+3/4","1/2,1/2,-z+1/4" ],"desc": "2.m m","geom": "line","label": "g","mult": 4 },{ "coord": [ "1/4,3/4,1/4","3/4,1/4,1/4","3/4,3/4,3/4","1/4,1/4,3/4" ],"desc": "..2/m","geom": "point","label": "f","mult": 4 },{ "coord": [ "1/4,3/4,3/4","3/4,1/4,3/4","3/4,3/4,1/4","1/4,1/4,1/4" ],"desc": "..2/m","geom": "point","label": "e","mult": 4 },{ "coord": [ "1/2,0,1/4","1/2,0,3/4","0,1/2,1/4","0,1/2,3/4" ],"desc": "2.2 2","geom": "point","label": "d","mult": 4 },{ "coord": [ "1/2,0,1/2","1/2,0,0","0,1/2,0","0,1/2,1/2" ],"desc": "222 .","geom": "point","label": "c","mult": 4 },{ "coord": [ "0,0,1/2","1/2,1/2,0" ],"desc": "-42m","geom": "point","label": "b","mult": 2 },{ "coord": [ "1/2,1/2,1/2","0,0,0" ],"desc": "-42m","geom": "point","label": "a","mult": 2 } ] } },{ "gen": [ "x,y,z","-x+1/2,-y+1/2,z","-y+1/2,x,z+1/2","-y+1/2,-x+1/2,-z+1","-x+1/2,-y,-z+1/2","x+1/2,y+1/2,z","-x+1,-y+1,z","-y+1,x+1/2,z+1/2","-y+1,-x+1,-z+1","-x+1,-y+1/2,-z+1/2" ],"gp": [ "x,y,z","-x+1/2,-y+1/2,z","-y+1/2,x,z+1/2","y,-x+1/2,z+1/2","-x+1/2,y,-z+1/2","x,-y+1/2,-z+1/2","-x+1/2,-y,-z+1/2","x,y+1/2,-z+1/2","y+1/2,x,z+1/2","-y,-x+1/2,z+1/2","x,-y,z","-x+1/2,y+1/2,z","x+1/2,y+1/2,z","x+1/2,-y+1/2,z" ],"id": "C42/emg2:1","itaFull": "ita?.","set": 4,"sg": 134,"tm": "a-b-1/4,a+b+1/4,c-1/4","u": "C 42/e m g2 :1","wpos": { "pos": [ { "desc": "1","geom": "general","label": "n","mult": 16 },{ "coord": [ "x+1/4,0,z+1/4","-x+1/4,1/2,z+1/4","1/2,x+1/4,z+3/4","0,-x+1/4,z+3/4","1/2,-x+1/4,-z+3/4","0,x+1/4,-z+3/4","-x+1/4,0,-z+1/4","x+1/4,1/2,-z+1/4" ],"desc": "..m","geom": "plane","label": "m","mult": 8 },{ "coord": [ "1/4,x,3/4","1/4,-x+1/2,3/4","-x+1/2,1/4,1/4","x,1/4,1/4","1/4,-x,3/4","1/4,x+1/2,3/4","x+1/2,1/4,1/4","-x,1/4,1/4" ],"desc": "..2","geom": "line","label": "l","mult": 8 },{ "coord": [ "1/4,x,1/4","1/4,-x+1/2,1/4","-x+1/2,1/4,3/4","x,1/4,3/4","1/4,-x,1/4","1/4,x+1/2,1/4","x+1/2,1/4,3/4","-x,1/4,3/4" ],"desc": "..2","geom": "line","label": "k","mult": 8 },{ "coord": [ "1/2x+1/8,1/2x+1/8,1/2","-1/2x+3/8,-1/2x+3/8,1/2","-1/2x+3/8,1/2x+1/8,0","1/2x+1/8,-1/2x+3/8,0","-1/2x+7/8,-1/2x+3/8,0","1/2x+1/8,1/2x+5/8,0","1/2x+5/8,-1/2x+3/8,1/2","-1/2x+3/8,1/2x+5/8,1/2" ],"desc": ".2.","geom": "line","label": "j","mult": 8 },{ "coord": [ "1/2x+1/8,1/2x+1/8,0","-1/2x+3/8,-1/2x+3/8,0","-1/2x+3/8,1/2x+1/8,1/2","1/2x+1/8,-1/2x+3/8,1/2","-1/2x+7/8,-1/2x+3/8,1/2","1/2x+1/8,1/2x+5/8,1/2","1/2x+5/8,-1/2x+3/8,0","-1/2x+3/8,1/2x+5/8,0" ],"desc": ".2.","geom": "line","label": "i","mult": 8 },{ "coord": [ "1/4,1/4,z+1/4","1/4,1/4,z+3/4","1/4,1/4,-z+3/4","1/4,1/4,-z+1/4","1/4,3/4,-z+1/4","1/4,3/4,-z+3/4","1/4,3/4,z+3/4","1/4,3/4,z+1/4" ],"desc": "2..","geom": "line","label": "h","mult": 8 },{ "coord": [ "1/2,1/2,z+1/4","0,1/2,z+3/4","1/2,1/2,-z+3/4","0,1/2,-z+1/4" ],"desc": "2.m m","geom": "line","label": "g","mult": 4 },{ "coord": [ "1/4,0,1/4","1/4,1/2,1/4","1/2,1/4,3/4","0,1/4,3/4" ],"desc": "..2/m","geom": "point","label": "f","mult": 4 },{ "coord": [ "1/4,0,3/4","1/4,1/2,3/4","1/2,1/4,1/4","0,1/4,1/4" ],"desc": "..2/m","geom": "point","label": "e","mult": 4 },{ "coord": [ "1/4,1/4,1/4","1/4,1/4,3/4","1/4,3/4,1/4","1/4,3/4,3/4" ],"desc": "2.2 2","geom": "point","label": "d","mult": 4 },{ "coord": [ "1/4,1/4,1/2","1/4,1/4,0","1/4,3/4,0","1/4,3/4,1/2" ],"desc": "222 .","geom": "point","label": "c","mult": 4 },{ "coord": [ "1/2,1/2,1/2","0,1/2,0" ],"desc": "-42m","geom": "point","label": "b","mult": 2 },{ "coord": [ "0,1/2,1/2","1/2,1/2,0" ],"desc": "-42m","geom": "point","label": "a","mult": 2 } ] } } ],"n": 4,"sg": 134 }