{ "its": [ { "gen": [ "x,y,z","-x,-y,z","x,-y+1/2,z","x,y+1/2,z+1/2" ],"gp": [ "x,y,z","-x,-y,z","x,-y+1/2,z","-x,y+1/2,z","x,y+1/2,z+1/2","-x,-y+1/2,z+1/2","x,-y,z+1/2","-x,y,z+1/2" ],"id": "Aem2","itaFull": "39","set": 1,"sg": 39,"tm": "a,b,c","u": "A e m 2","wpos": { "cent": [ "0,1/2,1/2" ],"pos": [ { "desc": "1","geom": "general","label": "d","mult": 8 },{ "coord": [ "x,1/4,z","-x,3/4,z" ],"desc": ".m.","geom": "plane","label": "c","mult": 4 },{ "coord": [ "1/2,0,z","1/2,1/2,z" ],"desc": "..2","geom": "line","label": "b","mult": 4 },{ "coord": [ "0,0,z","0,1/2,z" ],"desc": "..2","geom": "line","label": "a","mult": 4 } ] } },{ "gen": [ "x,y,z","-x,-y,z","-x+1/2,y,z","x+1/2,y,z-1/2" ],"gp": [ "x,y,z","-x,-y,z","-x+1/2,y,z","x+1/2,-y,z","x+1/2,y,z-1/2","-x+1/2,-y,z-1/2","-x,y,z-1/2","x,-y,z-1/2" ],"id": "Bme2","itaFull": "39:ba-c","set": 2,"sg": 39,"tm": "b,a,-c","u": "B m e 2","wpos": { "cent": [ "1/2,0,1/2" ],"pos": [ { "desc": "1","geom": "general","label": "d","mult": 8 },{ "coord": [ "1/4,x,-z","3/4,-x,-z" ],"desc": ".m.","geom": "plane","label": "c","mult": 4 },{ "coord": [ "0,1/2,-z","1/2,1/2,-z" ],"desc": "..2","geom": "line","label": "b","mult": 4 },{ "coord": [ "0,0,-z","1/2,0,-z" ],"desc": "..2","geom": "line","label": "a","mult": 4 } ] } },{ "gen": [ "x,y,z","x,-y,-z","x,y,-z+1/2","x+1/2,y,z+1/2" ],"gp": [ "x,y,z","x,-y,-z","x,y,-z+1/2","x,-y,z+1/2","x+1/2,y,z+1/2","x+1/2,-y,-z+1/2","x+1/2,y,-z","x+1/2,-y,z" ],"id": "B2em","itaFull": "39:cab","set": 3,"sg": 39,"tm": "c,a,b","u": "B 2 e m","wpos": { "cent": [ "1/2,0,1/2" ],"pos": [ { "desc": "1","geom": "general","label": "d","mult": 8 },{ "coord": [ "z,x,1/4","z,-x,3/4" ],"desc": ".m.","geom": "plane","label": "c","mult": 4 },{ "coord": [ "z,1/2,0","z,1/2,1/2" ],"desc": "..2","geom": "line","label": "b","mult": 4 },{ "coord": [ "z,0,0","z,0,1/2" ],"desc": "..2","geom": "line","label": "a","mult": 4 } ] } },{ "gen": [ "x,y,z","x,-y,-z","x,-y+1/2,z","x-1/2,y+1/2,z" ],"gp": [ "x,y,z","x,-y,-z","x,-y+1/2,z","x,y+1/2,-z","x-1/2,y+1/2,z","x-1/2,-y+1/2,-z","x-1/2,-y,z","x-1/2,y,-z" ],"id": "C2me","itaFull": "39:-cba","set": 4,"sg": 39,"tm": "-c,b,a","u": "C 2 m e","wpos": { "cent": [ "1/2,1/2,0" ],"pos": [ { "desc": "1","geom": "general","label": "d","mult": 8 },{ "coord": [ "-z,1/4,x","-z,3/4,-x" ],"desc": ".m.","geom": "plane","label": "c","mult": 4 },{ "coord": [ "-z,0,1/2","-z,1/2,1/2" ],"desc": "..2","geom": "line","label": "b","mult": 4 },{ "coord": [ "-z,0,0","-z,1/2,0" ],"desc": "..2","geom": "line","label": "a","mult": 4 } ] } },{ "gen": [ "x,y,z","-x,y,-z","-x+1/2,y,z","x+1/2,y+1/2,z" ],"gp": [ "x,y,z","-x,y,-z","-x+1/2,y,z","x+1/2,y,-z","x+1/2,y+1/2,z","-x+1/2,y+1/2,-z","-x,y+1/2,z","x,y+1/2,-z" ],"id": "Cm2e","itaFull": "39:bca","set": 5,"sg": 39,"tm": "b,c,a","u": "C m 2 e","wpos": { "cent": [ "1/2,1/2,0" ],"pos": [ { "desc": "1","geom": "general","label": "d","mult": 8 },{ "coord": [ "1/4,z,x","3/4,z,-x" ],"desc": ".m.","geom": "plane","label": "c","mult": 4 },{ "coord": [ "0,z,1/2","1/2,z,1/2" ],"desc": "..2","geom": "line","label": "b","mult": 4 },{ "coord": [ "0,z,0","1/2,z,0" ],"desc": "..2","geom": "line","label": "a","mult": 4 } ] } },{ "gen": [ "x,y,z","-x,y,-z","x,y,-z+1/2","x,y-1/2,z+1/2" ],"gp": [ "x,y,z","-x,y,-z","x,y,-z+1/2","-x,y,z+1/2","x,y-1/2,z+1/2","-x,y-1/2,-z+1/2","x,y-1/2,-z","-x,y-1/2,z" ],"id": "Ae2m","itaFull": "39:a-cb","set": 6,"sg": 39,"tm": "a,-c,b","u": "A e 2 m","wpos": { "cent": [ "0,1/2,1/2" ],"pos": [ { "desc": "1","geom": "general","label": "d","mult": 8 },{ "coord": [ "x,-z,1/4","-x,-z,3/4" ],"desc": ".m.","geom": "plane","label": "c","mult": 4 },{ "coord": [ "1/2,-z,0","1/2,-z,1/2" ],"desc": "..2","geom": "line","label": "b","mult": 4 },{ "coord": [ "0,-z,0","0,-z,1/2" ],"desc": "..2","geom": "line","label": "a","mult": 4 } ] } } ],"n": 6,"sg": 39 }