{ "its": [ { "gen": [ "x,y,z","-y,x-y,z","-y,-x,z","x+2/3,y+1/3,z+1/3" ],"gp": [ "x,y,z","-y,x-y,z","-x+y,-x,z","-y,-x,z","-x+y,y,z","x,x-y,z","x+2/3,y+1/3,z+1/3","-y+2/3,x-y+1/3,z+1/3","-x+y+2/3,-x+1/3,z+1/3","-y+2/3,-x+1/3,z+1/3","-x+y+2/3,y+1/3,z+1/3","x+2/3,x-y+1/3,z+1/3","x+1/3,y+2/3,z+2/3","-y+1/3,x-y+2/3,z+2/3","-x+y+1/3,-x+2/3,z+2/3","-y+1/3,-x+2/3,z+2/3","-x+y+1/3,y+2/3,z+2/3","x+1/3,x-y+2/3,z+2/3" ],"id": "R3m:h","itaFull": "160:h","set": 1,"sg": 160,"tm": "a,b,c","u": "R 3 m :h","wpos": { "cent": [ "2/3,1/3,1/3","1/3,2/3,2/3" ],"pos": [ { "desc": "1","geom": "general","label": "c","mult": 18 },{ "coord": [ "x,-x,z","x,2x,z","-2x,-x,z" ],"desc": ".m","geom": "plane","label": "b","mult": 9 },{ "coord": [ "0,0,z" ],"desc": "3m","geom": "line","label": "a","mult": 3 } ] } },{ "gen": [ "x,y,z","z,x,y","z,y,x","x+1,y,z" ],"gp": [ "x,y,z","z,x,y","y,z,x","z,y,x","y,x,z","x,z,y" ],"id": "R3m:R","itaFull": "160:r","set": 2,"sg": 160,"tm": "2/3a+1/3b+1/3c,-1/3a+1/3b+1/3c,-1/3a-2/3b+1/3c","u": "R 3 m :R","wpos": { "pos": [ { "desc": "1","geom": "general","label": "c","mult": 18 },{ "coord": [ "x+z,-2x+z,x+z","x+z,x+z,-2x+z","-2x+z,x+z,x+z" ],"desc": ".m","geom": "plane","label": "b","mult": 9 },{ "coord": [ "z,z,z" ],"desc": "3m","geom": "line","label": "a","mult": 3 } ] } } ],"n": 2,"sg": 160 }