{ "its": [ { "gen": [ "x,y,z","-y,x-y,z","-x,-y,z" ],"gp": [ "x,y,z","-y,x-y,z","-x+y,-x,z","-x,-y,z","y,-x+y,z","x-y,x,z" ],"id": "P6","itaFull": "168","set": 1,"sg": 168,"tm": "a,b,c","u": "P 6","wpos": { "pos": [ { "desc": "1","geom": "general","label": "d","mult": 6 },{ "coord": [ "1/2,0,z","0,1/2,z","1/2,1/2,z" ],"desc": "2..","geom": "line","label": "c","mult": 3 },{ "coord": [ "1/3,2/3,z","2/3,1/3,z" ],"desc": "3..","geom": "line","label": "b","mult": 2 },{ "coord": [ "0,0,z" ],"desc": "6..","geom": "line","label": "a","mult": 1 } ] } } ],"n": 1,"sg": 168 }