{ "its": [ { "gen": [ "x,y,z","-x+1/2,-y,z+1/2","-x,y+1/2,-z+1/2","z,x,y","y+3/4,x+1/4,-z+1/4","-x,-y,-z","x+1/2,y+1/2,z+1/2" ],"gp": [ "x,y,z","-x+1/2,-y,z+1/2","-x,y+1/2,-z+1/2","x+1/2,-y+1/2,-z","z,x,y","z+1/2,-x+1/2,-y","-z+1/2,-x,y+1/2","-z,x+1/2,-y+1/2","y,z,x","-y,z+1/2,-x+1/2","y+1/2,-z+1/2,-x","-y+1/2,-z,x+1/2","y+3/4,x+1/4,-z+1/4","-y+3/4,-x+3/4,-z+3/4","y+1/4,-x+1/4,z+3/4","-y+1/4,x+3/4,z+1/4","x+3/4,z+1/4,-y+1/4","-x+1/4,z+3/4,y+1/4","-x+3/4,-z+3/4,-y+3/4","x+1/4,-z+1/4,y+3/4","z+3/4,y+1/4,-x+1/4","z+1/4,-y+1/4,x+3/4","-z+1/4,y+3/4,x+1/4","-z+3/4,-y+3/4,-x+3/4","-x,-y,-z","x+1/2,y,-z+1/2","x,-y+1/2,z+1/2","-x+1/2,y+1/2,z","-z,-x,-y","-z+1/2,x+1/2,y","z+1/2,x,-y+1/2","z,-x+1/2,y+1/2","-y,-z,-x","y,-z+1/2,x+1/2","-y+1/2,z+1/2,x","y+1/2,z,-x+1/2","-y+1/4,-x+3/4,z+3/4","y+1/4,x+1/4,z+1/4","-y+3/4,x+3/4,-z+1/4","y+3/4,-x+1/4,-z+3/4","-x+1/4,-z+3/4,y+3/4","x+3/4,-z+1/4,-y+3/4","x+1/4,z+1/4,y+1/4","-x+3/4,z+3/4,-y+1/4","-z+1/4,-y+3/4,x+3/4","-z+3/4,y+3/4,-x+1/4","z+3/4,-y+1/4,-x+3/4","z+1/4,y+1/4,x+1/4","x+1/2,y+1/2,z+1/2","-x,-y+1/2,z","-x+1/2,y,-z","x,-y,-z+1/2","z+1/2,x+1/2,y+1/2","z,-x,-y+1/2","-z,-x+1/2,y","-z+1/2,x,-y","y+1/2,z+1/2,x+1/2","-y+1/2,z,-x","y,-z,-x+1/2","-y,-z+1/2,x","y+1/4,x+3/4,-z+3/4","-y+1/4,-x+1/4,-z+1/4","y+3/4,-x+3/4,z+1/4","-y+3/4,x+1/4,z+3/4","x+1/4,z+3/4,-y+3/4","-x+3/4,z+1/4,y+3/4","-x+1/4,-z+1/4,-y+1/4","x+3/4,-z+3/4,y+1/4","z+1/4,y+3/4,-x+3/4","z+3/4,-y+3/4,x+1/4","-z+3/4,y+1/4,x+3/4","-z+1/4,-y+1/4,-x+1/4","-x+1/2,-y+1/2,-z+1/2","x,y+1/2,-z","x+1/2,-y,z","-x,y,z+1/2","-z+1/2,-x+1/2,-y+1/2","-z,x,y+1/2","z,x+1/2,-y","z+1/2,-x,y","-y+1/2,-z+1/2,-x+1/2","y+1/2,-z,x","-y,z,x+1/2","y,z+1/2,-x","-y+3/4,-x+1/4,z+1/4","y+3/4,x+3/4,z+3/4","-y+1/4,x+1/4,-z+3/4","y+1/4,-x+3/4,-z+1/4","-x+3/4,-z+1/4,y+1/4","x+1/4,-z+3/4,-y+1/4","x+3/4,z+3/4,y+3/4","-x+1/4,z+1/4,-y+3/4","-z+3/4,-y+1/4,x+1/4","-z+1/4,y+1/4,-x+3/4","z+1/4,-y+3/4,-x+1/4","z+3/4,y+3/4,x+3/4" ],"id": "Ia-3d","itaFull": "230","set": 1,"sg": 230,"tm": "a,b,c","u": "I a -3 d","wpos": { "cent": [ "1/2,1/2,1/2" ],"pos": [ { "desc": "1","geom": "general","label": "h","mult": 96 },{ "coord": [ "1/8,y,-y+1/4","3/8,-y,-y+3/4","7/8,y+1/2,y+1/4","5/8,-y+1/2,y+3/4","-y+1/4,1/8,y","-y+3/4,3/8,-y","y+1/4,7/8,y+1/2","y+3/4,5/8,-y+1/2","y,-y+1/4,1/8","-y,-y+3/4,3/8","y+1/2,y+1/4,7/8","-y+1/2,y+3/4,5/8","7/8,-y,y+3/4","5/8,y,y+1/4","1/8,-y+1/2,-y+3/4","3/8,y+1/2,-y+1/4","y+3/4,7/8,-y","y+1/4,5/8,y","-y+3/4,1/8,-y+1/2","-y+1/4,3/8,y+1/2","-y,y+3/4,7/8","y,y+1/4,5/8","-y+1/2,-y+3/4,1/8","y+1/2,-y+1/4,3/8" ],"desc": "..2","geom": "line","label": "g","mult": 48 },{ "coord": [ "x,0,1/4","-x+1/2,0,3/4","1/4,x,0","3/4,-x+1/2,0","0,1/4,x","0,3/4,-x+1/2","3/4,x+1/4,0","3/4,-x+3/4,1/2","x+3/4,1/2,1/4","-x+1/4,0,1/4","0,1/4,-x+1/4","1/2,1/4,x+3/4","-x,0,3/4","x+1/2,0,1/4","3/4,-x,0","1/4,x+1/2,0","0,3/4,-x","0,1/4,x+1/2","1/4,-x+3/4,0","1/4,x+1/4,1/2","-x+1/4,1/2,3/4","x+3/4,0,3/4","0,3/4,x+3/4","1/2,3/4,-x+1/4" ],"desc": "2..","geom": "line","label": "f","mult": 48 },{ "coord": [ "x,x,x","-x+1/2,-x,x+1/2","-x,x+1/2,-x+1/2","x+1/2,-x+1/2,-x","x+3/4,x+1/4,-x+1/4","-x+3/4,-x+3/4,-x+3/4","x+1/4,-x+1/4,x+3/4","-x+1/4,x+3/4,x+1/4","-x,-x,-x","x+1/2,x,-x+1/2","x,-x+1/2,x+1/2","-x+1/2,x+1/2,x","-x+1/4,-x+3/4,x+3/4","x+1/4,x+1/4,x+1/4","-x+3/4,x+3/4,-x+1/4","x+3/4,-x+1/4,-x+3/4" ],"desc": ".3.","geom": "line","label": "e","mult": 32 },{ "coord": [ "3/8,0,1/4","1/8,0,3/4","1/4,3/8,0","3/4,1/8,0","0,1/4,3/8","0,3/4,1/8","3/4,5/8,0","3/4,3/8,1/2","1/8,1/2,1/4","7/8,0,1/4","0,1/4,7/8","1/2,1/4,1/8" ],"desc": "-4..","geom": "point","label": "d","mult": 24 },{ "coord": [ "1/8,0,1/4","3/8,0,3/4","1/4,1/8,0","3/4,3/8,0","0,1/4,1/8","0,3/4,3/8","7/8,0,3/4","5/8,0,1/4","3/4,7/8,0","1/4,5/8,0","0,3/4,7/8","0,1/4,5/8" ],"desc": "2.2 2","geom": "point","label": "c","mult": 24 },{ "coord": [ "1/8,1/8,1/8","3/8,7/8,5/8","7/8,5/8,3/8","5/8,3/8,7/8","7/8,7/8,7/8","5/8,1/8,3/8","1/8,3/8,5/8","3/8,5/8,1/8" ],"desc": ".32","geom": "point","label": "b","mult": 16 },{ "coord": [ "0,0,0","1/2,0,1/2","0,1/2,1/2","1/2,1/2,0","3/4,1/4,1/4","3/4,3/4,3/4","1/4,1/4,3/4","1/4,3/4,1/4" ],"desc": ".-3.","geom": "point","label": "a","mult": 16 } ] } } ],"n": 1,"sg": 230 }