{ "its": [ { "gen": [ "x,y,z","-x+1/2,-y+1/2,z+1/2","-y,x+1/2,z+1/4","x,-y,z+1/2","x+1/2,y+1/2,z+1/2" ],"gp": [ "x,y,z","-x+1/2,-y+1/2,z+1/2","-y,x+1/2,z+1/4","y+1/2,-x,z+3/4","x,-y,z+1/2","-x+1/2,y+1/2,z","-y,-x+1/2,z+3/4","y+1/2,x,z+1/4","x+1/2,y+1/2,z+1/2","-x,-y,z","-y+1/2,x,z+3/4","y,-x+1/2,z+1/4","x+1/2,-y+1/2,z","-x,y,z+1/2","-y+1/2,-x,z+1/4","y,x+1/2,z+3/4" ],"id": "I41cd","itaFull": "110","set": 1,"sg": 110,"tm": "a,b,c","u": "I 41 c d","wpos": { "cent": [ "1/2,1/2,1/2" ],"pos": [ { "desc": "1","geom": "general","label": "b","mult": 16 },{ "coord": [ "0,0,z","0,1/2,z+1/4","0,0,z+1/2","0,1/2,z+3/4" ],"desc": "2..","geom": "line","label": "a","mult": 8 } ] } },{ "gen": [ "x,y,z","-x,-y+1/2,z+1/2","-y-1/4,x+1/4,z+1/4","y,x,z+1/2","x,y+1/2,z+1/2","x+1/2,y+1/2,z","-x+1/2,-y+1,z+1/2","-y+1/4,x+3/4,z+1/4","y+1/2,x+1/2,z+1/2","x+1/2,y+1,z+1/2" ],"gp": [ "x,y,z","-x,-y+1/2,z+1/2","-y-1/4,x+1/4,z+1/4","y+1/4,-x+1/4,z+3/4","y,x,z+1/2","-y,-x+1/2,z","x-1/4,-y+1/4,z+3/4","-x+1/4,y+1/4,z+1/4","x,y+1/2,z+1/2","-x,-y,z","-y+1/4,x+1/4,z+3/4","y-1/4,-x+1/4,z+1/4","y,x+1/2,z","-y,-x,z+1/2","x+1/4,-y+1/4,z+1/4","-x-1/4,y+1/4,z+3/4","x+1/2,y+1/2,z","-y+1/4,x+3/4,z+1/4","y+3/4,-x+3/4,z+3/4","y+1/2,x+1/2,z+1/2","x+1/4,-y+3/4,z+3/4","-x+3/4,y+3/4,z+1/4","-x+1/2,-y+1/2,z","-y+3/4,x+3/4,z+3/4","y+1/4,-x+3/4,z+1/4","-y+1/2,-x+1/2,z+1/2","x+3/4,-y+3/4,z+1/4","-x+1/4,y+3/4,z+3/4" ],"id": "F41dc","itaFull": "ita?.","set": 2,"sg": 110,"tm": "a-b,a+b,c","u": "F 41 d c","wpos": { "cent": [ "0,1/2,1/2" ],"pos": [ { "desc": "1","geom": "general","label": "b","mult": 16 },{ "coord": [ "0,0,z","3/4,1/4,z+1/4","0,0,z+1/2","3/4,1/4,z+3/4" ],"desc": "2..","geom": "line","label": "a","mult": 8 } ] } } ],"n": 2,"sg": 110 }