{ "its": [ { "gen": [ "x,y,z","-y,x-y,z","-y,-x,z" ],"gp": [ "x,y,z","-y,x-y,z","-x+y,-x,z","-y,-x,z","-x+y,y,z","x,x-y,z" ],"id": "P3m1","itaFull": "156","set": 1,"sg": 156,"tm": "a,b,c","u": "P 3 m 1","wpos": { "pos": [ { "desc": "1","geom": "general","label": "e","mult": 6 },{ "coord": [ "x,-x,z","x,2x,z","-2x,-x,z" ],"desc": ".m.","geom": "plane","label": "d","mult": 3 },{ "coord": [ "2/3,1/3,z" ],"desc": "3m.","geom": "line","label": "c","mult": 1 },{ "coord": [ "1/3,2/3,z" ],"desc": "3m.","geom": "line","label": "b","mult": 1 },{ "coord": [ "0,0,z" ],"desc": "3m.","geom": "line","label": "a","mult": 1 } ] } } ],"n": 1,"sg": 156 }