{ "its": [ { "gen": [ "x,y,z","-x+1/2,-y,z+1/2","-x,y+1/2,-z+1/2","z,x,y" ],"gp": [ "x,y,z","-x+1/2,-y,z+1/2","-x,y+1/2,-z+1/2","x+1/2,-y+1/2,-z","z,x,y","z+1/2,-x+1/2,-y","-z+1/2,-x,y+1/2","-z,x+1/2,-y+1/2","y,z,x","-y,z+1/2,-x+1/2","y+1/2,-z+1/2,-x","-y+1/2,-z,x+1/2" ],"id": "P213","itaFull": "198","set": 1,"sg": 198,"tm": "a,b,c","u": "P 21 3","wpos": { "pos": [ { "desc": "1","geom": "general","label": "b","mult": 12 },{ "coord": [ "x,x,x","-x+1/2,-x,x+1/2","-x,x+1/2,-x+1/2","x+1/2,-x+1/2,-x" ],"desc": ".3.","geom": "line","label": "a","mult": 4 } ] } } ],"n": 1,"sg": 198 }