{ "its": [ { "gen": [ "x,y,z","-y,x-y,z","y,x,z" ],"gp": [ "x,y,z","-y,x-y,z","-x+y,-x,z","y,x,z","x-y,-y,z","-x,-x+y,z" ],"id": "P31m","itaFull": "157","set": 1,"sg": 157,"tm": "a,b,c","u": "P 3 1 m","wpos": { "pos": [ { "desc": "1","geom": "general","label": "d","mult": 6 },{ "coord": [ "x,0,z","0,x,z","-x,-x,z" ],"desc": "..m","geom": "plane","label": "c","mult": 3 },{ "coord": [ "1/3,2/3,z","2/3,1/3,z" ],"desc": "3..","geom": "line","label": "b","mult": 2 },{ "coord": [ "0,0,z" ],"desc": "3.m","geom": "line","label": "a","mult": 1 } ] } } ],"n": 1,"sg": 157 }