{ "its": [ { "gen": [ "x,y,z","-x,-y,z","-x,y,-z" ],"gp": [ "x,y,z","-x,-y,z","-x,y,-z","x,-y,-z" ],"id": "P222","itaFull": "16","set": 1,"sg": 16,"tm": "a,b,c","u": "P 2 2 2","wpos": { "pos": [ { "desc": "1","geom": "general","label": "u","mult": 4 },{ "coord": [ "1/2,1/2,z","1/2,1/2,-z" ],"desc": "..2","geom": "line","label": "t","mult": 2 },{ "coord": [ "0,1/2,z","0,1/2,-z" ],"desc": "..2","geom": "line","label": "s","mult": 2 },{ "coord": [ "1/2,0,z","1/2,0,-z" ],"desc": "..2","geom": "line","label": "r","mult": 2 },{ "coord": [ "0,0,z","0,0,-z" ],"desc": "..2","geom": "line","label": "q","mult": 2 },{ "coord": [ "1/2,y,1/2","1/2,-y,1/2" ],"desc": ".2.","geom": "line","label": "p","mult": 2 },{ "coord": [ "1/2,y,0","1/2,-y,0" ],"desc": ".2.","geom": "line","label": "o","mult": 2 },{ "coord": [ "0,y,1/2","0,-y,1/2" ],"desc": ".2.","geom": "line","label": "n","mult": 2 },{ "coord": [ "0,y,0","0,-y,0" ],"desc": ".2.","geom": "line","label": "m","mult": 2 },{ "coord": [ "x,1/2,1/2","-x,1/2,1/2" ],"desc": "2..","geom": "line","label": "l","mult": 2 },{ "coord": [ "x,1/2,0","-x,1/2,0" ],"desc": "2..","geom": "line","label": "k","mult": 2 },{ "coord": [ "x,0,1/2","-x,0,1/2" ],"desc": "2..","geom": "line","label": "j","mult": 2 },{ "coord": [ "x,0,0","-x,0,0" ],"desc": "2..","geom": "line","label": "i","mult": 2 },{ "coord": [ "1/2,1/2,1/2" ],"desc": "222","geom": "point","label": "h","mult": 1 },{ "coord": [ "0,1/2,1/2" ],"desc": "222","geom": "point","label": "g","mult": 1 },{ "coord": [ "1/2,0,1/2" ],"desc": "222","geom": "point","label": "f","mult": 1 },{ "coord": [ "1/2,1/2,0" ],"desc": "222","geom": "point","label": "e","mult": 1 },{ "coord": [ "0,0,1/2" ],"desc": "222","geom": "point","label": "d","mult": 1 },{ "coord": [ "0,1/2,0" ],"desc": "222","geom": "point","label": "c","mult": 1 },{ "coord": [ "1/2,0,0" ],"desc": "222","geom": "point","label": "b","mult": 1 },{ "coord": [ "0,0,0" ],"desc": "222","geom": "point","label": "a","mult": 1 } ] } } ],"n": 1,"sg": 16 }